Workbook

Sheet Инструкция
A1: Походный калькулятор меню и закупки
A3: Схема: продукты → рецепты → меню → формульная калькуляция по дням и трапезам → агрегированная раскладка для закупки.
A7: Шаг | B7: Действие | C7: Лист | D7: Кто использует
A8: 1 | B8: Задать M, N, резерв и цели. | C8: Ввод | D8: Организатор
A9: 2 | B9: Проверить продукты, упаковки, цены и единицы. | C9: Продукты | D9: Закупки
A10: 3 | B10: Заполнить рецепты на 1 порцию. | C10: Рецепты | D10: Повара
A11: 4 | B11: Выбрать блюда по дням и трапезам. | C11: Меню | D11: Команда
A12: 5 | B12: Работать по количествам продуктов на день и трапезу. | C12: Калькуляция | D12: Дежурные повара
A13: 6 | B13: Использовать агрегированный список для закупки. | C13: Раскладка | D13: Завхоз
A14: 7 | B14: Проверить калории, БЖУ, вес и бюджет. | C14: Сводка | D14: Организатор
A15: 8 | B15: Предложения вносятся руками; затем расчёт запускается заново. | C15: Меню | D15: Ответственный
A17: Правила модели
A18: • Рецепт задаётся на 1 порцию; вода — отдельный ингредиент в мл. • Порции по умолчанию равны числу участников, но могут быть изменены в меню. • «Калькуляция» и «Раскладка» — формульные листы, их не редактируют. • Резерв применяется к закупке, но не увеличивает плановые калории и БЖУ.

Sheet Ввод
A1: 1. Ввод параметров похода
A3: Параметр | B3: Значение | E3: Что меняется вручную
A4: Участников, чел. | E4: B4:B5 — масштаб похода. B6 — резерв только для закупки. B7:B10 — цели для проверки, а не автоматическая подгонка меню.
A5: Дней, суток
A6: Резерв закупки, %
A7: Целевая энергия, ккал/чел/день
A8: Целевой белок, г/чел/день
A9: Целевой жир, г/чел/день
A10: Целевые углеводы, г/чел/день
A11: Валюта
A12: Сезон | E12: Расчет ккал на лайтовый день без больших нагрузок
A13: Погода / температура | E13: Расчёт БЖУ в пропорции
A14: Предпочтения / ограничения

Sheet Продукты
A1: 2. Справочник продуктов
A3: Жёлтые поля редактируются. Рецепты используют базовые единицы г, мл или шт.; нутриенты указаны на 100 г.
A5: ID | B5: Категория | C5: Продукт | D5: Ед. закупки | E5: Размер упаковки | F5: Базовая ед. | G5: ккал/100 г | H5: Белок/100 г | I5: Жир/100 г | J5: Угл./100 г | K5: Цена/уп., KZT | L5: В закупку? | M5: Примечание
A6: 1 | B6: Крупы/макароны | C6: Овсяные хлопья | D6: пачка | E6: 500 | F6: г | G6: 360 | H6: 12 | I6: 6 | J6: 62 | K6: 650 | L6: Да | M6: Завтрак

Sheet Рецепты
A1: 3. Рецепты: ингредиенты на 1 порцию
A3: Каждый блок — отдельный рецепт. Вода указывается отдельной строкой. Жёлтые ячейки — ручной ввод. | H3: Техническая таблица для формул — не редактировать
P4: Рецепт_ID | Q4: Рецепт
A5: Рецепт_ID | B5: R001 | C5: Щи из свежей капусты | H5: Рецепт_ID | I5: Рецепт | J5: Продукт_ID | K5: Продукт | L5: Кол-во/порцию | M5: Ед. | N5: Примечание | P5: =$B$5 -> R001
A6: Суп на обед, мясной. Готовить в первый день, овощи и зажарку можно подготовить дома накануне выезда. | H6: =$B$5 -> R001 | P6: =$B$26 -> R002
A7: Продукт | B7: Кол-во/порция | C7: Ед. | D7: Примечание | H7: =$B$5 -> R001 | P7: =$B$38 -> R003
A8: Вода техническая | H8: =$B$5 -> R001 | P8: =$B$50 -> R004
A9: Вода питьевая | H9: =$B$5 -> R001 | P9: =$B$62 -> R005
A10: Говядина тушеная | H10: =$B$5 -> R001 | P10: =$B$74 -> R006
A11: Картофель | H11: =$B$5 -> R001 | P11: =$B$86 -> R007
A12: Морковь | H12: =$B$5 -> R001 | P12: =$B$98 -> R008
A13: Лук репчатый | H13: =$B$5 -> R001 | P13: =$B$125 -> R009
A14: Капуста | H14: =$B$5 -> R001 | P14: =$B$137 -> R010
A15: Соль | H15: =$B$5 -> R001
A16: Перец горошком | H16: =$B$5 -> R001
A17: Лавровый лист | H17: =$B$5 -> R001
A18: Чеснок | H18: =$B$5 -> R001
A19: Укроп сухой | H19: =$B$5 -> R001
A20: Петрушка сухая | H20: =$B$5 -> R001
A21: Томатная паста | H21: =$B$5 -> R001
A22: Майонез | H22: =$B$5 -> R001
A23: Кубик магги | H23: =$B$26 -> R002
A24: Масло растительное | H24: =$B$26 -> R002
H25: =$B$26 -> R002
A26: Рецепт_ID | B26: R002 | C26: Закуска №1 | H26: =$B$26 -> R002
A27: К щам. | H27: =$B$26 -> R002
A28: Продукт | B28: Кол-во/порция | C28: Ед. | D28: Примечание | H28: =$B$26 -> R002
A29: Хлеб черный | H29: =$B$38 -> R003
A30: Сало | H30: =$B$38 -> R003
A31: Сыр твёрдый | H31: =$B$38 -> R003
A32: Помидор | H32: =$B$38 -> R003
A33: Огурец | H33: =$B$38 -> R003
A34: Лук зеленый | H34: =$B$38 -> R003
H35: =$B$38 -> R003
H36: =$B$38 -> R003
H37: =$B$38 -> R003
A38: Рецепт_ID | B38: R003 | C38: Чай с сахаром | H38: =$B$38 -> R003
A39: Чай как чай. | H39: =$B$62 -> R005
A40: Продукт | B40: Кол-во/порция | C40: Ед. | D40: Примечание | H40: =$B$62 -> R005
A41: Чай | H41: =$B$62 -> R005
A42: Чай | H42: =$B$62 -> R005
A43: Сахар | H43: =$B$62 -> R005
A44: Вода питьевая | H44: =$B$62 -> R005
H45: =$B$62 -> R005
H46: =$B$62 -> R005
H47: =$B$74 -> R006
H48: =$B$74 -> R006
H49: =$B$74 -> R006
A50: Рецепт_ID | B50: R004 | C50: Десерт №1 | H50: =$B$74 -> R006
A51: После обеда. А могли бы пить дижестив.. | H51: =$B$74 -> R006
A52: Продукт | B52: Кол-во/порция | C52: Ед. | D52: Примечание | H52: =$B$74 -> R006
A53: Халва в шоколаде | H53: =$B$74 -> R006
A54: Яблоко | H54: =$B$74 -> R006
H55: =$B$86 -> R007
H56: =$B$86 -> R007
H57: =$B$86 -> R007
H58: =$B$86 -> R007
H59: =$B$86 -> R007
H60: =$B$86 -> R007
H61: =$B$86 -> R007
A62: Рецепт_ID | B62: R005 | C62: Греча с говядиной и грибами | H62: =$B$86 -> R007
A63: На ужин. Нужно 2 кастрюли для приготовления | H63: =$B$98 -> R008
A64: Продукт | B64: Кол-во/порция | C64: Ед. | D64: Примечание | H64: =$B$98 -> R008
A65: Гречка | H65: =$B$98 -> R008
A66: Говядина тушеная | H66: =$B$98 -> R008
A67: Шампиньоны | H67: =$B$98 -> R008
A68: Лук репчатый | H68: =$B$98 -> R008
A69: Морковь | H69: =$B$98 -> R008
A70: Сыр твёрдый | H70: =$B$98 -> R008
A71: Томатная паста | H71: =$B$98 -> R008
A72: Горчица | H72: =$B$98 -> R008
H73: =$B$98 -> R008
A74: Рецепт_ID | B74: R006 | C74: Пшённая каша | H74: =$B$98 -> R008
A75: На завтак | H75: =$B$98 -> R008
A76: Продукт | B76: Кол-во/порция | C76: Ед. | D76: Примечание | H76: =$B$98 -> R008
A77: Пшено | H77: =$B$98 -> R008
A78: Молоко ультрапастеризованное | H78: =$B$98 -> R008
A79: Вода питьевая | H79: =$B$125 -> R009
A80: Соль | H80: =$B$125 -> R009
A81: Сахар | H81: =$B$125 -> R009
A82: Банан | H82: =$B$125 -> R009
A83: Хлеб белый | H83: =$B$125 -> R009
H84: =$B$137 -> R010
H85: =$B$137 -> R010
A86: Рецепт_ID | B86: R007 | C86: Что-то добавленное по ошибке
A87: На завтак
A88: Продукт | B88: Кол-во/порция | C88: Ед. | D88: Примечание
A89: Пшено
A90: Молоко ультрапастеризованное
A91: Вода питьевая
A92: Соль
A93: Сахар
A94: Банан
A95: Хлеб белый
A98: Рецепт_ID | B98: R008 | C98: Солянка сборная
A99: На завтак
A100: Продукт | B100: Кол-во/порция | C100: Ед. | D100: Примечание
A101: Вода техническая
A102: Вода питьевая
A103: Говядина тушеная
...

Sheet Меню
A1: 4. Меню по дням и трапезам
A3: Заполните или измените меню руками. Порции по умолчанию равны числу участников; при необходимости замените значение.
A5: День | B5: Трапеза | C5: Блюдо | D5: Рецепт_ID | E5: Порций | F5: Комментарий / предпочтения
A6: 1
A7: 1
A8: 1
A9: 1
A10: 1
A11: 1
A12: 2
A13: 2
A14: 2
A15: 2
A16: 2
A17: 2
D90: =IFERROR(INDEX(Рецепты!$P$5:$P$14,MATCH($C90,Рецепты!$Q$5:$Q$14,0)),"") | E90: =IF($C90="","",Ввод!$B$4)
D91: =IFERROR(INDEX(Рецепты!$P$5:$P$14,MATCH($C91,Рецепты!$Q$5:$Q$14,0)),"") | E91: =IF($C91="","",Ввод!$B$4)
D92: =IFERROR(INDEX(Рецепты!$P$5:$P$14,MATCH($C92,Рецепты!$Q$5:$Q$14,0)),"") | E92: =IF($C92="","",Ввод!$B$4)
D93: =IFERROR(INDEX(Рецепты!$P$5:$P$14,MATCH($C93,Рецепты!$Q$5:$Q$14,0)),"") | E93: =IF($C93="","",Ввод!$B$4)
D94: =IFERROR(INDEX(Рецепты!$P$5:$P$14,MATCH($C94,Рецепты!$Q$5:$Q$14,0)),"") | E94: =IF($C94="","",Ввод!$B$4)
D95: =IFERROR(INDEX(Рецепты!$P$5:$P$14,MATCH($C95,Рецепты!$Q$5:$Q$14,0)),"") | E95: =IF($C95="","",Ввод!$B$4)

Sheet Калькуляция
A1: 5. Калькуляция подготовки по дням и трапезам
A3: Формульный рабочий лист: одна строка — один ингредиент одного блюда. Данные берутся из «Меню» и «Рецепты»; здесь ничего менять не нужно.
A5: День | B5: Трапеза | C5: Блюдо | D5: Рецепт_ID | E5: Продукт_ID | F5: Продукт | G5: Ед. | H5: Кол-во/порцию | I5: Порций | J5: Всего | K5: ккал | L5: Белок, г | M5: Жир, г | N5: Угл., г | O5: Примечание
A6: =IF($E6="","",Меню!$A$6) | B6: =IF($E6="","",Меню!$B$6) | C6: =IF($E6="","",Меню!$C$6) | D6: =IF($E6="","",Меню!$D$6) | E6: =IFERROR(IF(IFERROR(INDEX(Рецепты!$H$6:$H$85,MATCH(Меню!$D$6,Рецепты!$H$6:$H$85,0)+0)=Меню!$D$6,FALSE),INDEX(Рецепты!$J$6:$J$85,MATCH(Меню!$D$6,Рецепты!$H$6:$H$85,0)+0),""),"") | F6: =IF($E6="","",INDEX(Рецепты!$K$6:$K$85,MATCH(Меню!$D$6,Рецепты!$H$6:$H$85,0)+0)) | G6: =IF($E6="","",INDEX(Рецепты!$M$6:$M$85,MATCH(Меню!$D$6,Рецепты!$H$6:$H$85,0)+0)) | H6: =IFERROR(IF(IFERROR(INDEX(Рецепты!$H$6:$H$85,MATCH(Меню!$D$6,Рецепты!$H$6:$H$85,0)+0)=Меню!$D$6,FALSE),INDEX(Рецепты!$L$6:$L$85,MATCH(Меню!$D$6,Рецепты!$H$6:$H$85,0)+0),0),0) -> 0 | I6: =IF($F6="","",Меню!$E$6) | J6: =IFERROR($H6*$I6,0) -> 0 | K6: =IFERROR($J6/100*INDEX(Продукты!$G$6:$G$66,MATCH($E6,Продукты!$A$6:$A$66,0)),0) -> 0 | L6: =IFERROR($J6/100*INDEX(Продукты!$H$6:$H$66,MATCH($E6,Продукты!$A$6:$A$66,0)),0) -> 0 | M6: =IFERROR($J6/100*INDEX(Продукты!$I$6:$I$66,MATCH($E6,Продукты!$A$6:$A$66,0)),0) -> 0 | N6: =IFERROR($J6/100*INDEX(Продукты!$J$6:$J$66,MATCH($E6,Продукты!$A$6:$A$66,0)),0) -> 0 | O6: =IFERROR(IF(IFERROR(INDEX(Рецепты!$H$6:$H$85,MATCH(Меню!$D$6,Рецепты!$H$6:$H$85,0)+0)=Меню!$D$6,FALSE),INDEX(Рецепты!$N$6:$N$85,MATCH(Меню!$D$6,Рецепты!$H$6:$H$85,0)+0),""),"")
A7: =IF($E7="","",Меню!$A$6) | B7: =IF($E7="","",Меню!$B$6) | C7: =IF($E7="","",Меню!$C$6) | D7: =IF($E7="","",Меню!$D$6) | E7: =IFERROR(IF(IFERROR(INDEX(Рецепты!$H$6:$H$85,MATCH(Меню!$D$6,Рецепты!$H$6:$H$85,0)+1)=Меню!$D$6,FALSE),INDEX(Рецепты!$J$6:$J$85,MATCH(Меню!$D$6,Рецепты!$H$6:$H$85,0)+1),""),"") | F7: =IF($E7="","",INDEX(Рецепты!$K$6:$K$85,MATCH(Меню!$D$6,Рецепты!$H$6:$H$85,0)+1)) | G7: =IF($E7="","",INDEX(Рецепты!$M$6:$M$85,MATCH(Меню!$D$6,Рецепты!$H$6:$H$85,0)+1)) | H7: =IFERROR(IF(IFERROR(INDEX(Рецепты!$H$6:$H$85,MATCH(Меню!$D$6,Рецепты!$H$6:$H$85,0)+1)=Меню!$D$6,FALSE),INDEX(Рецепты!$L$6:$L$85,MATCH(Меню!$D$6,Рецепты!$H$6:$H$85,0)+1),0),0) -> 0 | I7: =IF($F7="","",Меню!$E$6) | J7: =IFERROR($H7*$I7,0) -> 0 | K7: =IFERROR($J7/100*INDEX(Продукты!$G$6:$G$66,MATCH($E7,Продукты!$A$6:$A$66,0)),0) -> 0 | L7: =IFERROR($J7/100*INDEX(Продукты!$H$6:$H$66,MATCH($E7,Продукты!$A$6:$A$66,0)),0) -> 0 | M7: =IFERROR($J7/100*INDEX(Продукты!$I$6:$I$66,MATCH($E7,Продукты!$A$6:$A$66,0)),0) -> 0 | N7: =IFERROR($J7/100*INDEX(Продукты!$J$6:$J$66,MATCH($E7,Продукты!$A$6:$A$66,0)),0) -> 0 | O7: =IFERROR(IF(IFERROR(INDEX(Рецепты!$H$6:$H$85,MATCH(Меню!$D$6,Рецепты!$H$6:$H$85,0)+1)=Меню!$D$6,FALSE),INDEX(Рецепты!$N$6:$N$85,MATCH(Меню!$D$6,Рецепты!$H$6:$H$85,0)+1),""),"")
A8: =IF($E8="","",Меню!$A$6) | B8: =IF($E8="","",Меню!$B$6) | C8: =IF($E8="","",Меню!$C$6) | D8: =IF($E8="","",Меню!$D$6) | E8: =IFERROR(IF(IFERROR(INDEX(Рецепты!$H$6:$H$85,MATCH(Меню!$D$6,Рецепты!$H$6:$H$85,0)+2)=Меню!$D$6,FALSE),INDEX(Рецепты!$J$6:$J$85,MATCH(Меню!$D$6,Рецепты!$H$6:$H$85,0)+2),""),"") | F8: =IF($E8="","",INDEX(Рецепты!$K$6:$K$85,MATCH(Меню!$D$6,Рецепты!$H$6:$H$85,0)+2)) | G8: =IF($E8="","",INDEX(Рецепты!$M$6:$M$85,MATCH(Меню!$D$6,Рецепты!$H$6:$H$85,0)+2)) | H8: =IFERROR(IF(IFERROR(INDEX(Рецепты!$H$6:$H$85,MATCH(Меню!$D$6,Рецепты!$H$6:$H$85,0)+2)=Меню!$D$6,FALSE),INDEX(Рецепты!$L$6:$L$85,MATCH(Меню!$D$6,Рецепты!$H$6:$H$85,0)+2),0),0) -> 0 | I8: =IF($F8="","",Меню!$E$6) | J8: =IFERROR($H8*$I8,0) -> 0 | K8: =IFERROR($J8/100*INDEX(Продукты!$G$6:$G$66,MATCH($E8,Продукты!$A$6:$A$66,0)),0) -> 0 | L8: =IFERROR($J8/100*INDEX(Продукты!$H$6:$H$66,MATCH($E8,Продукты!$A$6:$A$66,0)),0) -> 0 | M8: =IFERROR($J8/100*INDEX(Продукты!$I$6:$I$66,MATCH($E8,Продукты!$A$6:$A$66,0)),0) -> 0 | N8: =IFERROR($J8/100*INDEX(Продукты!$J$6:$J$66,MATCH($E8,Продукты!$A$6:$A$66,0)),0) -> 0 | O8: =IFERROR(IF(IFERROR(INDEX(Рецепты!$H$6:$H$85,MATCH(Меню!$D$6,Рецепты!$H$6:$H$85,0)+2)=Меню!$D$6,FALSE),INDEX(Рецепты!$N$6:$N$85,MATCH(Меню!$D$6,Рецепты!$H$6:$H$85,0)+2),""),"")
A9: =IF($E9="","",Меню!$A$6) | B9: =IF($E9="","",Меню!$B$6) | C9: =IF($E9="","",Меню!$C$6) | D9: =IF($E9="","",Меню!$D$6) | E9: =IFERROR(IF(IFERROR(INDEX(Рецепты!$H$6:$H$85,MATCH(Меню!$D$6,Рецепты!$H$6:$H$85,0)+3)=Меню!$D$6,FALSE),INDEX(Рецепты!$J$6:$J$85,MATCH(Меню!$D$6,Рецепты!$H$6:$H$85,0)+3),""),"") | F9: =IF($E9="","",INDEX(Рецепты!$K$6:$K$85,MATCH(Меню!$D$6,Рецепты!$H$6:$H$85,0)+3)) | G9: =IF($E9="","",INDEX(Рецепты!$M$6:$M$85,MATCH(Меню!$D$6,Рецепты!$H$6:$H$85,0)+3)) | H9: =IFERROR(IF(IFERROR(INDEX(Рецепты!$H$6:$H$85,MATCH(Меню!$D$6,Рецепты!$H$6:$H$85,0)+3)=Меню!$D$6,FALSE),INDEX(Рецепты!$L$6:$L$85,MATCH(Меню!$D$6,Рецепты!$H$6:$H$85,0)+3),0),0) -> 0 | I9: =IF($F9="","",Меню!$E$6) | J9: =IFERROR($H9*$I9,0) -> 0 | K9: =IFERROR($J9/100*INDEX(Продукты!$G$6:$G$66,MATCH($E9,Продукты!$A$6:$A$66,0)),0) -> 0 | L9: =IFERROR($J9/100*INDEX(Продукты!$H$6:$H$66,MATCH($E9,Продукты!$A$6:$A$66,0)),0) -> 0 | M9: =IFERROR($J9/100*INDEX(Продукты!$I$6:$I$66,MATCH($E9,Продукты!$A$6:$A$66,0)),0) -> 0 | N9: =IFERROR($J9/100*INDEX(Продукты!$J$6:$J$66,MATCH($E9,Продукты!$A$6:$A$66,0)),0) -> 0 | O9: =IFERROR(IF(IFERROR(INDEX(Рецепты!$H$6:$H$85,MATCH(Меню!$D$6,Рецепты!$H$6:$H$85,0)+3)=Меню!$D$6,FALSE),INDEX(Рецепты!$N$6:$N$85,MATCH(Меню!$D$6,Рецепты!$H$6:$H$85,0)+3),""),"")
A10: =IF($E10="","",Меню!$A$6) | B10: =IF($E10="","",Меню!$B$6) | C10: =IF($E10="","",Меню!$C$6) | D10: =IF($E10="","",Меню!$D$6) | E10: =IFERROR(IF(IFERROR(INDEX(Рецепты!$H$6:$H$85,MATCH(Меню!$D$6,Рецепты!$H$6:$H$85,0)+4)=Меню!$D$6,FALSE),INDEX(Рецепты!$J$6:$J$85,MATCH(Меню!$D$6,Рецепты!$H$6:$H$85,0)+4),""),"") | F10: =IF($E10="","",INDEX(Рецепты!$K$6:$K$85,MATCH(Меню!$D$6,Рецепты!$H$6:$H$85,0)+4)) | G10: =IF($E10="","",INDEX(Рецепты!$M$6:$M$85,MATCH(Меню!$D$6,Рецепты!$H$6:$H$85,0)+4)) | H10: =IFERROR(IF(IFERROR(INDEX(Рецепты!$H$6:$H$85,MATCH(Меню!$D$6,Рецепты!$H$6:$H$85,0)+4)=Меню!$D$6,FALSE),INDEX(Рецепты!$L$6:$L$85,MATCH(Меню!$D$6,Рецепты!$H$6:$H$85,0)+4),0),0) -> 0 | I10: =IF($F10="","",Меню!$E$6) | J10: =IFERROR($H10*$I10,0) -> 0 | K10: =IFERROR($J10/100*INDEX(Продукты!$G$6:$G$66,MATCH($E10,Продукты!$A$6:$A$66,0)),0) -> 0 | L10: =IFERROR($J10/100*INDEX(Продукты!$H$6:$H$66,MATCH($E10,Продукты!$A$6:$A$66,0)),0) -> 0 | M10: =IFERROR($J10/100*INDEX(Продукты!$I$6:$I$66,MATCH($E10,Продукты!$A$6:$A$66,0)),0) -> 0 | N10: =IFERROR($J10/100*INDEX(Продукты!$J$6:$J$66,MATCH($E10,Продукты!$A$6:$A$66,0)),0) -> 0 | O10: =IFERROR(IF(IFERROR(INDEX(Рецепты!$H$6:$H$85,MATCH(Меню!$D$6,Рецепты!$H$6:$H$85,0)+4)=Меню!$D$6,FALSE),INDEX(Рецепты!$N$6:$N$85,MATCH(Меню!$D$6,Рецепты!$H$6:$H$85,0)+4),""),"")
A11: =IF($E11="","",Меню!$A$6) | B11: =IF($E11="","",Меню!$B$6) | C11: =IF($E11="","",Меню!$C$6) | D11: =IF($E11="","",Меню!$D$6) | E11: =IFERROR(IF(IFERROR(INDEX(Рецепты!$H$6:$H$85,MATCH(Меню!$D$6,Рецепты!$H$6:$H$85,0)+5)=Меню!$D$6,FALSE),INDEX(Рецепты!$J$6:$J$85,MATCH(Меню!$D$6,Рецепты!$H$6:$H$85,0)+5),""),"") | F11: =IF($E11="","",INDEX(Рецепты!$K$6:$K$85,MATCH(Меню!$D$6,Рецепты!$H$6:$H$85,0)+5)) | G11: =IF($E11="","",INDEX(Рецепты!$M$6:$M$85,MATCH(Меню!$D$6,Рецепты!$H$6:$H$85,0)+5)) | H11: =IFERROR(IF(IFERROR(INDEX(Рецепты!$H$6:$H$85,MATCH(Меню!$D$6,Рецепты!$H$6:$H$85,0)+5)=Меню!$D$6,FALSE),INDEX(Рецепты!$L$6:$L$85,MATCH(Меню!$D$6,Рецепты!$H$6:$H$85,0)+5),0),0) -> 0 | I11: =IF($F11="","",Меню!$E$6) | J11: =IFERROR($H11*$I11,0) -> 0 | K11: =IFERROR($J11/100*INDEX(Продукты!$G$6:$G$66,MATCH($E11,Продукты!$A$6:$A$66,0)),0) -> 0 | L11: =IFERROR($J11/100*INDEX(Продукты!$H$6:$H$66,MATCH($E11,Продукты!$A$6:$A$66,0)),0) -> 0 | M11: =IFERROR($J11/100*INDEX(Продукты!$I$6:$I$66,MATCH($E11,Продукты!$A$6:$A$66,0)),0) -> 0 | N11: =IFERROR($J11/100*INDEX(Продукты!$J$6:$J$66,MATCH($E11,Продукты!$A$6:$A$66,0)),0) -> 0 | O11: =IFERROR(IF(IFERROR(INDEX(Рецепты!$H$6:$H$85,MATCH(Меню!$D$6,Рецепты!$H$6:$H$85,0)+5)=Меню!$D$6,FALSE),INDEX(Рецепты!$N$6:$N$85,MATCH(Меню!$D$6,Рецепты!$H$6:$H$85,0)+5),""),"")
A12: =IF($E12="","",Меню!$A$6) | B12: =IF($E12="","",Меню!$B$6) | C12: =IF($E12="","",Меню!$C$6) | D12: =IF($E12="","",Меню!$D$6) | E12: =IFERROR(IF(IFERROR(INDEX(Рецепты!$H$6:$H$85,MATCH(Меню!$D$6,Рецепты!$H$6:$H$85,0)+6)=Меню!$D$6,FALSE),INDEX(Рецепты!$J$6:$J$85,MATCH(Меню!$D$6,Рецепты!$H$6:$H$85,0)+6),""),"") | F12: =IF($E12="","",INDEX(Рецепты!$K$6:$K$85,MATCH(Меню!$D$6,Рецепты!$H$6:$H$85,0)+6)) | G12: =IF($E12="","",INDEX(Рецепты!$M$6:$M$85,MATCH(Меню!$D$6,Рецепты!$H$6:$H$85,0)+6)) | H12: =IFERROR(IF(IFERROR(INDEX(Рецепты!$H$6:$H$85,MATCH(Меню!$D$6,Рецепты!$H$6:$H$85,0)+6)=Меню!$D$6,FALSE),INDEX(Рецепты!$L$6:$L$85,MATCH(Меню!$D$6,Рецепты!$H$6:$H$85,0)+6),0),0) -> 0 | I12: =IF($F12="","",Меню!$E$6) | J12: =IFERROR($H12*$I12,0) -> 0 | K12: =IFERROR($J12/100*INDEX(Продукты!$G$6:$G$66,MATCH($E12,Продукты!$A$6:$A$66,0)),0) -> 0 | L12: =IFERROR($J12/100*INDEX(Продукты!$H$6:$H$66,MATCH($E12,Продукты!$A$6:$A$66,0)),0) -> 0 | M12: =IFERROR($J12/100*INDEX(Продукты!$I$6:$I$66,MATCH($E12,Продукты!$A$6:$A$66,0)),0) -> 0 | N12: =IFERROR($J12/100*INDEX(Продукты!$J$6:$J$66,MATCH($E12,Продукты!$A$6:$A$66,0)),0) -> 0 | O12: =IFERROR(IF(IFERROR(INDEX(Рецепты!$H$6:$H$85,MATCH(Меню!$D$6,Рецепты!$H$6:$H$85,0)+6)=Меню!$D$6,FALSE),INDEX(Рецепты!$N$6:$N$85,MATCH(Меню!$D$6,Рецепты!$H$6:$H$85,0)+6),""),"")
A13: =IF($E13="","",Меню!$A$6) | B13: =IF($E13="","",Меню!$B$6) | C13: =IF($E13="","",Меню!$C$6) | D13: =IF($E13="","",Меню!$D$6) | E13: =IFERROR(IF(IFERROR(INDEX(Рецепты!$H$6:$H$85,MATCH(Меню!$D$6,Рецепты!$H$6:$H$85,0)+7)=Меню!$D$6,FALSE),INDEX(Рецепты!$J$6:$J$85,MATCH(Меню!$D$6,Рецепты!$H$6:$H$85,0)+7),""),"") | F13: =IF($E13="","",INDEX(Рецепты!$K$6:$K$85,MATCH(Меню!$D$6,Рецепты!$H$6:$H$85,0)+7)) | G13: =IF($E13="","",INDEX(Рецепты!$M$6:$M$85,MATCH(Меню!$D$6,Рецепты!$H$6:$H$85,0)+7)) | H13: =IFERROR(IF(IFERROR(INDEX(Рецепты!$H$6:$H$85,MATCH(Меню!$D$6,Рецепты!$H$6:$H$85,0)+7)=Меню!$D$6,FALSE),INDEX(Рецепты!$L$6:$L$85,MATCH(Меню!$D$6,Рецепты!$H$6:$H$85,0)+7),0),0) -> 0 | I13: =IF($F13="","",Меню!$E$6) | J13: =IFERROR($H13*$I13,0) -> 0 | K13: =IFERROR($J13/100*INDEX(Продукты!$G$6:$G$66,MATCH($E13,Продукты!$A$6:$A$66,0)),0) -> 0 | L13: =IFERROR($J13/100*INDEX(Продукты!$H$6:$H$66,MATCH($E13,Продукты!$A$6:$A$66,0)),0) -> 0 | M13: =IFERROR($J13/100*INDEX(Продукты!$I$6:$I$66,MATCH($E13,Продукты!$A$6:$A$66,0)),0) -> 0 | N13: =IFERROR($J13/100*INDEX(Продукты!$J$6:$J$66,MATCH($E13,Продукты!$A$6:$A$66,0)),0) -> 0 | O13: =IFERROR(IF(IFERROR(INDEX(Рецепты!$H$6:$H$85,MATCH(Меню!$D$6,Рецепты!$H$6:$H$85,0)+7)=Меню!$D$6,FALSE),INDEX(Рецепты!$N$6:$N$85,MATCH(Меню!$D$6,Рецепты!$H$6:$H$85,0)+7),""),"")
A14: =IF($E14="","",Меню!$A$6) | B14: =IF($E14="","",Меню!$B$6) | C14: =IF($E14="","",Меню!$C$6) | D14: =IF($E14="","",Меню!$D$6) | E14: =IFERROR(IF(IFERROR(INDEX(Рецепты!$H$6:$H$85,MATCH(Меню!$D$6,Рецепты!$H$6:$H$85,0)+8)=Меню!$D$6,FALSE),INDEX(Рецепты!$J$6:$J$85,MATCH(Меню!$D$6,Рецепты!$H$6:$H$85,0)+8),""),"") | F14: =IF($E14="","",INDEX(Рецепты!$K$6:$K$85,MATCH(Меню!$D$6,Рецепты!$H$6:$H$85,0)+8)) | G14: =IF($E14="","",INDEX(Рецепты!$M$6:$M$85,MATCH(Меню!$D$6,Рецепты!$H$6:$H$85,0)+8)) | H14: =IFERROR(IF(IFERROR(INDEX(Рецепты!$H$6:$H$85,MATCH(Меню!$D$6,Рецепты!$H$6:$H$85,0)+8)=Меню!$D$6,FALSE),INDEX(Рецепты!$L$6:$L$85,MATCH(Меню!$D$6,Рецепты!$H$6:$H$85,0)+8),0),0) -> 0 | I14: =IF($F14="","",Меню!$E$6) | J14: =IFERROR($H14*$I14,0) -> 0 | K14: =IFERROR($J14/100*INDEX(Продукты!$G$6:$G$66,MATCH($E14,Продукты!$A$6:$A$66,0)),0) -> 0 | L14: =IFERROR($J14/100*INDEX(Продукты!$H$6:$H$66,MATCH($E14,Продукты!$A$6:$A$66,0)),0) -> 0 | M14: =IFERROR($J14/100*INDEX(Продукты!$I$6:$I$66,MATCH($E14,Продукты!$A$6:$A$66,0)),0) -> 0 | N14: =IFERROR($J14/100*INDEX(Продукты!$J$6:$J$66,MATCH($E14,Продукты!$A$6:$A$66,0)),0) -> 0 | O14: =IFERROR(IF(IFERROR(INDEX(Рецепты!$H$6:$H$85,MATCH(Меню!$D$6,Рецепты!$H$6:$H$85,0)+8)=Меню!$D$6,FALSE),INDEX(Рецепты!$N$6:$N$85,MATCH(Меню!$D$6,Рецепты!$H$6:$H$85,0)+8),""),"")
A15: =IF($E15="","",Меню!$A$6) | B15: =IF($E15="","",Меню!$B$6) | C15: =IF($E15="","",Меню!$C$6) | D15: =IF($E15="","",Меню!$D$6) | E15: =IFERROR(IF(IFERROR(INDEX(Рецепты!$H$6:$H$85,MATCH(Меню!$D$6,Рецепты!$H$6:$H$85,0)+9)=Меню!$D$6,FALSE),INDEX(Рецепты!$J$6:$J$85,MATCH(Меню!$D$6,Рецепты!$H$6:$H$85,0)+9),""),"") | F15: =IF($E15="","",INDEX(Рецепты!$K$6:$K$85,MATCH(Меню!$D$6,Рецепты!$H$6:$H$85,0)+9)) | G15: =IF($E15="","",INDEX(Рецепты!$M$6:$M$85,MATCH(Меню!$D$6,Рецепты!$H$6:$H$85,0)+9)) | H15: =IFERROR(IF(IFERROR(INDEX(Рецепты!$H$6:$H$85,MATCH(Меню!$D$6,Рецепты!$H$6:$H$85,0)+9)=Меню!$D$6,FALSE),INDEX(Рецепты!$L$6:$L$85,MATCH(Меню!$D$6,Рецепты!$H$6:$H$85,0)+9),0),0) -> 0 | I15: =IF($F15="","",Меню!$E$6) | J15: =IFERROR($H15*$I15,0) -> 0 | K15: =IFERROR($J15/100*INDEX(Продукты!$G$6:$G$66,MATCH($E15,Продукты!$A$6:$A$66,0)),0) -> 0 | L15: =IFERROR($J15/100*INDEX(Продукты!$H$6:$H$66,MATCH($E15,Продукты!$A$6:$A$66,0)),0) -> 0 | M15: =IFERROR($J15/100*INDEX(Продукты!$I$6:$I$66,MATCH($E15,Продукты!$A$6:$A$66,0)),0) -> 0 | N15: =IFERROR($J15/100*INDEX(Продукты!$J$6:$J$66,MATCH($E15,Продукты!$A$6:$A$66,0)),0) -> 0 | O15: =IFERROR(IF(IFERROR(INDEX(Рецепты!$H$6:$H$85,MATCH(Меню!$D$6,Рецепты!$H$6:$H$85,0)+9)=Меню!$D$6,FALSE),INDEX(Рецепты!$N$6:$N$85,MATCH(Меню!$D$6,Рецепты!$H$6:$H$85,0)+9),""),"")
A16: =IF($E16="","",Меню!$A$6) | B16: =IF($E16="","",Меню!$B$6) | C16: =IF($E16="","",Меню!$C$6) | D16: =IF($E16="","",Меню!$D$6) | E16: =IFERROR(IF(IFERROR(INDEX(Рецепты!$H$6:$H$85,MATCH(Меню!$D$6,Рецепты!$H$6:$H$85,0)+10)=Меню!$D$6,FALSE),INDEX(Рецепты!$J$6:$J$85,MATCH(Меню!$D$6,Рецепты!$H$6:$H$85,0)+10),""),"") | F16: =IF($E16="","",INDEX(Рецепты!$K$6:$K$85,MATCH(Меню!$D$6,Рецепты!$H$6:$H$85,0)+10)) | G16: =IF($E16="","",INDEX(Рецепты!$M$6:$M$85,MATCH(Меню!$D$6,Рецепты!$H$6:$H$85,0)+10)) | H16: =IFERROR(IF(IFERROR(INDEX(Рецепты!$H$6:$H$85,MATCH(Меню!$D$6,Рецепты!$H$6:$H$85,0)+10)=Меню!$D$6,FALSE),INDEX(Рецепты!$L$6:$L$85,MATCH(Меню!$D$6,Рецепты!$H$6:$H$85,0)+10),0),0) -> 0 | I16: =IF($F16="","",Меню!$E$6) | J16: =IFERROR($H16*$I16,0) -> 0 | K16: =IFERROR($J16/100*INDEX(Продукты!$G$6:$G$66,MATCH($E16,Продукты!$A$6:$A$66,0)),0) -> 0 | L16: =IFERROR($J16/100*INDEX(Продукты!$H$6:$H$66,MATCH($E16,Продукты!$A$6:$A$66,0)),0) -> 0 | M16: =IFERROR($J16/100*INDEX(Продукты!$I$6:$I$66,MATCH($E16,Продукты!$A$6:$A$66,0)),0) -> 0 | N16: =IFERROR($J16/100*INDEX(Продукты!$J$6:$J$66,MATCH($E16,Продукты!$A$6:$A$66,0)),0) -> 0 | O16: =IFERROR(IF(IFERROR(INDEX(Рецепты!$H$6:$H$85,MATCH(Меню!$D$6,Рецепты!$H$6:$H$85,0)+10)=Меню!$D$6,FALSE),INDEX(Рецепты!$N$6:$N$85,MATCH(Меню!$D$6,Рецепты!$H$6:$H$85,0)+10),""),"")
A17: =IF($E17="","",Меню!$A$6) | B17: =IF($E17="","",Меню!$B$6) | C17: =IF($E17="","",Меню!$C$6) | D17: =IF($E17="","",Меню!$D$6) | E17: =IFERROR(IF(IFERROR(INDEX(Рецепты!$H$6:$H$85,MATCH(Меню!$D$6,Рецепты!$H$6:$H$85,0)+11)=Меню!$D$6,FALSE),INDEX(Рецепты!$J$6:$J$85,MATCH(Меню!$D$6,Рецепты!$H$6:$H$85,0)+11),""),"") | F17: =IF($E17="","",INDEX(Рецепты!$K$6:$K$85,MATCH(Меню!$D$6,Рецепты!$H$6:$H$85,0)+11)) | G17: =IF($E17="","",INDEX(Рецепты!$M$6:$M$85,MATCH(Меню!$D$6,Рецепты!$H$6:$H$85,0)+11)) | H17: =IFERROR(IF(IFERROR(INDEX(Рецепты!$H$6:$H$85,MATCH(Меню!$D$6,Рецепты!$H$6:$H$85,0)+11)=Меню!$D$6,FALSE),INDEX(Рецепты!$L$6:$L$85,MATCH(Меню!$D$6,Рецепты!$H$6:$H$85,0)+11),0),0) -> 0 | I17: =IF($F17="","",Меню!$E$6) | J17: =IFERROR($H17*$I17,0) -> 0 | K17: =IFERROR($J17/100*INDEX(Продукты!$G$6:$G$66,MATCH($E17,Продукты!$A$6:$A$66,0)),0) -> 0 | L17: =IFERROR($J17/100*INDEX(Продукты!$H$6:$H$66,MATCH($E17,Продукты!$A$6:$A$66,0)),0) -> 0 | M17: =IFERROR($J17/100*INDEX(Продукты!$I$6:$I$66,MATCH($E17,Продукты!$A$6:$A$66,0)),0) -> 0 | N17: =IFERROR($J17/100*INDEX(Продукты!$J$6:$J$66,MATCH($E17,Продукты!$A$6:$A$66,0)),0) -> 0 | O17: =IFERROR(IF(IFERROR(INDEX(Рецепты!$H$6:$H$85,MATCH(Меню!$D$6,Рецепты!$H$6:$H$85,0)+11)=Меню!$D$6,FALSE),INDEX(Рецепты!$N$6:$N$85,MATCH(Меню!$D$6,Рецепты!$H$6:$H$85,0)+11),""),"")
A18: =IF($E18="","",Меню!$A$6) | B18: =IF($E18="","",Меню!$B$6) | C18: =IF($E18="","",Меню!$C$6) | D18: =IF($E18="","",Меню!$D$6) | E18: =IFERROR(IF(IFERROR(INDEX(Рецепты!$H$6:$H$85,MATCH(Меню!$D$6,Рецепты!$H$6:$H$85,0)+12)=Меню!$D$6,FALSE),INDEX(Рецепты!$J$6:$J$85,MATCH(Меню!$D$6,Рецепты!$H$6:$H$85,0)+12),""),"") | F18: =IF($E18="","",INDEX(Рецепты!$K$6:$K$85,MATCH(Меню!$D$6,Рецепты!$H$6:$H$85,0)+12)) | G18: =IF($E18="","",INDEX(Рецепты!$M$6:$M$85,MATCH(Меню!$D$6,Рецепты!$H$6:$H$85,0)+12)) | H18: =IFERROR(IF(IFERROR(INDEX(Рецепты!$H$6:$H$85,MATCH(Меню!$D$6,Рецепты!$H$6:$H$85,0)+12)=Меню!$D$6,FALSE),INDEX(Рецепты!$L$6:$L$85,MATCH(Меню!$D$6,Рецепты!$H$6:$H$85,0)+12),0),0) -> 0 | I18: =IF($F18="","",Меню!$E$6) | J18: =IFERROR($H18*$I18,0) -> 0 | K18: =IFERROR($J18/100*INDEX(Продукты!$G$6:$G$66,MATCH($E18,Продукты!$A$6:$A$66,0)),0) -> 0 | L18: =IFERROR($J18/100*INDEX(Продукты!$H$6:$H$66,MATCH($E18,Продукты!$A$6:$A$66,0)),0) -> 0 | M18: =IFERROR($J18/100*INDEX(Продукты!$I$6:$I$66,MATCH($E18,Продукты!$A$6:$A$66,0)),0) -> 0 | N18: =IFERROR($J18/100*INDEX(Продукты!$J$6:$J$66,MATCH($E18,Продукты!$A$6:$A$66,0)),0) -> 0 | O18: =IFERROR(IF(IFERROR(INDEX(Рецепты!$H$6:$H$85,MATCH(Меню!$D$6,Рецепты!$H$6:$H$85,0)+12)=Меню!$D$6,FALSE),INDEX(Рецепты!$N$6:$N$85,MATCH(Меню!$D$6,Рецепты!$H$6:$H$85,0)+12),""),"")
A19: =IF($E19="","",Меню!$A$6) | B19: =IF($E19="","",Меню!$B$6) | C19: =IF($E19="","",Меню!$C$6) | D19: =IF($E19="","",Меню!$D$6) | E19: =IFERROR(IF(IFERROR(INDEX(Рецепты!$H$6:$H$85,MATCH(Меню!$D$6,Рецепты!$H$6:$H$85,0)+13)=Меню!$D$6,FALSE),INDEX(Рецепты!$J$6:$J$85,MATCH(Меню!$D$6,Рецепты!$H$6:$H$85,0)+13),""),"") | F19: =IF($E19="","",INDEX(Рецепты!$K$6:$K$85,MATCH(Меню!$D$6,Рецепты!$H$6:$H$85,0)+13)) | G19: =IF($E19="","",INDEX(Рецепты!$M$6:$M$85,MATCH(Меню!$D$6,Рецепты!$H$6:$H$85,0)+13)) | H19: =IFERROR(IF(IFERROR(INDEX(Рецепты!$H$6:$H$85,MATCH(Меню!$D$6,Рецепты!$H$6:$H$85,0)+13)=Меню!$D$6,FALSE),INDEX(Рецепты!$L$6:$L$85,MATCH(Меню!$D$6,Рецепты!$H$6:$H$85,0)+13),0),0) -> 0 | I19: =IF($F19="","",Меню!$E$6) | J19: =IFERROR($H19*$I19,0) -> 0 | K19: =IFERROR($J19/100*INDEX(Продукты!$G$6:$G$66,MATCH($E19,Продукты!$A$6:$A$66,0)),0) -> 0 | L19: =IFERROR($J19/100*INDEX(Продукты!$H$6:$H$66,MATCH($E19,Продукты!$A$6:$A$66,0)),0) -> 0 | M19: =IFERROR($J19/100*INDEX(Продукты!$I$6:$I$66,MATCH($E19,Продукты!$A$6:$A$66,0)),0) -> 0 | N19: =IFERROR($J19/100*INDEX(Продукты!$J$6:$J$66,MATCH($E19,Продукты!$A$6:$A$66,0)),0) -> 0 | O19: =IFERROR(IF(IFERROR(INDEX(Рецепты!$H$6:$H$85,MATCH(Меню!$D$6,Рецепты!$H$6:$H$85,0)+13)=Меню!$D$6,FALSE),INDEX(Рецепты!$N$6:$N$85,MATCH(Меню!$D$6,Рецепты!$H$6:$H$85,0)+13),""),"")
A20: =IF($E20="","",Меню!$A$6) | B20: =IF($E20="","",Меню!$B$6) | C20: =IF($E20="","",Меню!$C$6) | D20: =IF($E20="","",Меню!$D$6) | E20: =IFERROR(IF(IFERROR(INDEX(Рецепты!$H$6:$H$85,MATCH(Меню!$D$6,Рецепты!$H$6:$H$85,0)+14)=Меню!$D$6,FALSE),INDEX(Рецепты!$J$6:$J$85,MATCH(Меню!$D$6,Рецепты!$H$6:$H$85,0)+14),""),"") | F20: =IF($E20="","",INDEX(Рецепты!$K$6:$K$85,MATCH(Меню!$D$6,Рецепты!$H$6:$H$85,0)+14)) | G20: =IF($E20="","",INDEX(Рецепты!$M$6:$M$85,MATCH(Меню!$D$6,Рецепты!$H$6:$H$85,0)+14)) | H20: =IFERROR(IF(IFERROR(INDEX(Рецепты!$H$6:$H$85,MATCH(Меню!$D$6,Рецепты!$H$6:$H$85,0)+14)=Меню!$D$6,FALSE),INDEX(Рецепты!$L$6:$L$85,MATCH(Меню!$D$6,Рецепты!$H$6:$H$85,0)+14),0),0) -> 0 | I20: =IF($F20="","",Меню!$E$6) | J20: =IFERROR($H20*$I20,0) -> 0 | K20: =IFERROR($J20/100*INDEX(Продукты!$G$6:$G$66,MATCH($E20,Продукты!$A$6:$A$66,0)),0) -> 0 | L20: =IFERROR($J20/100*INDEX(Продукты!$H$6:$H$66,MATCH($E20,Продукты!$A$6:$A$66,0)),0) -> 0 | M20: =IFERROR($J20/100*INDEX(Продукты!$I$6:$I$66,MATCH($E20,Продукты!$A$6:$A$66,0)),0) -> 0 | N20: =IFERROR($J20/100*INDEX(Продукты!$J$6:$J$66,MATCH($E20,Продукты!$A$6:$A$66,0)),0) -> 0 | O20: =IFERROR(IF(IFERROR(INDEX(Рецепты!$H$6:$H$85,MATCH(Меню!$D$6,Рецепты!$H$6:$H$85,0)+14)=Меню!$D$6,FALSE),INDEX(Рецепты!$N$6:$N$85,MATCH(Меню!$D$6,Рецепты!$H$6:$H$85,0)+14),""),"")
A21: =IF($E21="","",Меню!$A$6) | B21: =IF($E21="","",Меню!$B$6) | C21: =IF($E21="","",Меню!$C$6) | D21: =IF($E21="","",Меню!$D$6) | E21: =IFERROR(IF(IFERROR(INDEX(Рецепты!$H$6:$H$85,MATCH(Меню!$D$6,Рецепты!$H$6:$H$85,0)+15)=Меню!$D$6,FALSE),INDEX(Рецепты!$J$6:$J$85,MATCH(Меню!$D$6,Рецепты!$H$6:$H$85,0)+15),""),"") | F21: =IF($E21="","",INDEX(Рецепты!$K$6:$K$85,MATCH(Меню!$D$6,Рецепты!$H$6:$H$85,0)+15)) | G21: =IF($E21="","",INDEX(Рецепты!$M$6:$M$85,MATCH(Меню!$D$6,Рецепты!$H$6:$H$85,0)+15)) | H21: =IFERROR(IF(IFERROR(INDEX(Рецепты!$H$6:$H$85,MATCH(Меню!$D$6,Рецепты!$H$6:$H$85,0)+15)=Меню!$D$6,FALSE),INDEX(Рецепты!$L$6:$L$85,MATCH(Меню!$D$6,Рецепты!$H$6:$H$85,0)+15),0),0) -> 0 | I21: =IF($F21="","",Меню!$E$6) | J21: =IFERROR($H21*$I21,0) -> 0 | K21: =IFERROR($J21/100*INDEX(Продукты!$G$6:$G$66,MATCH($E21,Продукты!$A$6:$A$66,0)),0) -> 0 | L21: =IFERROR($J21/100*INDEX(Продукты!$H$6:$H$66,MATCH($E21,Продукты!$A$6:$A$66,0)),0) -> 0 | M21: =IFERROR($J21/100*INDEX(Продукты!$I$6:$I$66,MATCH($E21,Продукты!$A$6:$A$66,0)),0) -> 0 | N21: =IFERROR($J21/100*INDEX(Продукты!$J$6:$J$66,MATCH($E21,Продукты!$A$6:$A$66,0)),0) -> 0 | O21: =IFERROR(IF(IFERROR(INDEX(Рецепты!$H$6:$H$85,MATCH(Меню!$D$6,Рецепты!$H$6:$H$85,0)+15)=Меню!$D$6,FALSE),INDEX(Рецепты!$N$6:$N$85,MATCH(Меню!$D$6,Рецепты!$H$6:$H$85,0)+15),""),"")
A22: =IF($E22="","",Меню!$A$6) | B22: =IF($E22="","",Меню!$B$6) | C22: =IF($E22="","",Меню!$C$6) | D22: =IF($E22="","",Меню!$D$6) | E22: =IFERROR(IF(IFERROR(INDEX(Рецепты!$H$6:$H$85,MATCH(Меню!$D$6,Рецепты!$H$6:$H$85,0)+16)=Меню!$D$6,FALSE),INDEX(Рецепты!$J$6:$J$85,MATCH(Меню!$D$6,Рецепты!$H$6:$H$85,0)+16),""),"") | F22: =IF($E22="","",INDEX(Рецепты!$K$6:$K$85,MATCH(Меню!$D$6,Рецепты!$H$6:$H$85,0)+16)) | G22: =IF($E22="","",INDEX(Рецепты!$M$6:$M$85,MATCH(Меню!$D$6,Рецепты!$H$6:$H$85,0)+16)) | H22: =IFERROR(IF(IFERROR(INDEX(Рецепты!$H$6:$H$85,MATCH(Меню!$D$6,Рецепты!$H$6:$H$85,0)+16)=Меню!$D$6,FALSE),INDEX(Рецепты!$L$6:$L$85,MATCH(Меню!$D$6,Рецепты!$H$6:$H$85,0)+16),0),0) -> 0 | I22: =IF($F22="","",Меню!$E$6) | J22: =IFERROR($H22*$I22,0) -> 0 | K22: =IFERROR($J22/100*INDEX(Продукты!$G$6:$G$66,MATCH($E22,Продукты!$A$6:$A$66,0)),0) -> 0 | L22: =IFERROR($J22/100*INDEX(Продукты!$H$6:$H$66,MATCH($E22,Продукты!$A$6:$A$66,0)),0) -> 0 | M22: =IFERROR($J22/100*INDEX(Продукты!$I$6:$I$66,MATCH($E22,Продукты!$A$6:$A$66,0)),0) -> 0 | N22: =IFERROR($J22/100*INDEX(Продукты!$J$6:$J$66,MATCH($E22,Продукты!$A$6:$A$66,0)),0) -> 0 | O22: =IFERROR(IF(IFERROR(INDEX(Рецепты!$H$6:$H$85,MATCH(Меню!$D$6,Рецепты!$H$6:$H$85,0)+16)=Меню!$D$6,FALSE),INDEX(Рецепты!$N$6:$N$85,MATCH(Меню!$D$6,Рецепты!$H$6:$H$85,0)+16),""),"")
A23: =IF($E23="","",Меню!$A$6) | B23: =IF($E23="","",Меню!$B$6) | C23: =IF($E23="","",Меню!$C$6) | D23: =IF($E23="","",Меню!$D$6) | E23: =IFERROR(IF(IFERROR(INDEX(Рецепты!$H$6:$H$85,MATCH(Меню!$D$6,Рецепты!$H$6:$H$85,0)+17)=Меню!$D$6,FALSE),INDEX(Рецепты!$J$6:$J$85,MATCH(Меню!$D$6,Рецепты!$H$6:$H$85,0)+17),""),"") | F23: =IF($E23="","",INDEX(Рецепты!$K$6:$K$85,MATCH(Меню!$D$6,Рецепты!$H$6:$H$85,0)+17)) | G23: =IF($E23="","",INDEX(Рецепты!$M$6:$M$85,MATCH(Меню!$D$6,Рецепты!$H$6:$H$85,0)+17)) | H23: =IFERROR(IF(IFERROR(INDEX(Рецепты!$H$6:$H$85,MATCH(Меню!$D$6,Рецепты!$H$6:$H$85,0)+17)=Меню!$D$6,FALSE),INDEX(Рецепты!$L$6:$L$85,MATCH(Меню!$D$6,Рецепты!$H$6:$H$85,0)+17),0),0) -> 0 | I23: =IF($F23="","",Меню!$E$6) | J23: =IFERROR($H23*$I23,0) -> 0 | K23: =IFERROR($J23/100*INDEX(Продукты!$G$6:$G$66,MATCH($E23,Продукты!$A$6:$A$66,0)),0) -> 0 | L23: =IFERROR($J23/100*INDEX(Продукты!$H$6:$H$66,MATCH($E23,Продукты!$A$6:$A$66,0)),0) -> 0 | M23: =IFERROR($J23/100*INDEX(Продукты!$I$6:$I$66,MATCH($E23,Продукты!$A$6:$A$66,0)),0) -> 0 | N23: =IFERROR($J23/100*INDEX(Продукты!$J$6:$J$66,MATCH($E23,Продукты!$A$6:$A$66,0)),0) -> 0 | O23: =IFERROR(IF(IFERROR(INDEX(Рецепты!$H$6:$H$85,MATCH(Меню!$D$6,Рецепты!$H$6:$H$85,0)+17)=Меню!$D$6,FALSE),INDEX(Рецепты!$N$6:$N$85,MATCH(Меню!$D$6,Рецепты!$H$6:$H$85,0)+17),""),"")
A24: =IF($E24="","",Меню!$A$6) | B24: =IF($E24="","",Меню!$B$6) | C24: =IF($E24="","",Меню!$C$6) | D24: =IF($E24="","",Меню!$D$6) | E24: =IFERROR(IF(IFERROR(INDEX(Рецепты!$H$6:$H$85,MATCH(Меню!$D$6,Рецепты!$H$6:$H$85,0)+18)=Меню!$D$6,FALSE),INDEX(Рецепты!$J$6:$J$85,MATCH(Меню!$D$6,Рецепты!$H$6:$H$85,0)+18),""),"") | F24: =IF($E24="","",INDEX(Рецепты!$K$6:$K$85,MATCH(Меню!$D$6,Рецепты!$H$6:$H$85,0)+18)) | G24: =IF($E24="","",INDEX(Рецепты!$M$6:$M$85,MATCH(Меню!$D$6,Рецепты!$H$6:$H$85,0)+18)) | H24: =IFERROR(IF(IFERROR(INDEX(Рецепты!$H$6:$H$85,MATCH(Меню!$D$6,Рецепты!$H$6:$H$85,0)+18)=Меню!$D$6,FALSE),INDEX(Рецепты!$L$6:$L$85,MATCH(Меню!$D$6,Рецепты!$H$6:$H$85,0)+18),0),0) -> 0 | I24: =IF($F24="","",Меню!$E$6) | J24: =IFERROR($H24*$I24,0) -> 0 | K24: =IFERROR($J24/100*INDEX(Продукты!$G$6:$G$66,MATCH($E24,Продукты!$A$6:$A$66,0)),0) -> 0 | L24: =IFERROR($J24/100*INDEX(Продукты!$H$6:$H$66,MATCH($E24,Продукты!$A$6:$A$66,0)),0) -> 0 | M24: =IFERROR($J24/100*INDEX(Продукты!$I$6:$I$66,MATCH($E24,Продукты!$A$6:$A$66,0)),0) -> 0 | N24: =IFERROR($J24/100*INDEX(Продукты!$J$6:$J$66,MATCH($E24,Продукты!$A$6:$A$66,0)),0) -> 0 | O24: =IFERROR(IF(IFERROR(INDEX(Рецепты!$H$6:$H$85,MATCH(Меню!$D$6,Рецепты!$H$6:$H$85,0)+18)=Меню!$D$6,FALSE),INDEX(Рецепты!$N$6:$N$85,MATCH(Меню!$D$6,Рецепты!$H$6:$H$85,0)+18),""),"")
A25: =IF($E25="","",Меню!$A$6) | B25: =IF($E25="","",Меню!$B$6) | C25: =IF($E25="","",Меню!$C$6) | D25: =IF($E25="","",Меню!$D$6) | E25: =IFERROR(IF(IFERROR(INDEX(Рецепты!$H$6:$H$85,MATCH(Меню!$D$6,Рецепты!$H$6:$H$85,0)+19)=Меню!$D$6,FALSE),INDEX(Рецепты!$J$6:$J$85,MATCH(Меню!$D$6,Рецепты!$H$6:$H$85,0)+19),""),"") | F25: =IF($E25="","",INDEX(Рецепты!$K$6:$K$85,MATCH(Меню!$D$6,Рецепты!$H$6:$H$85,0)+19)) | G25: =IF($E25="","",INDEX(Рецепты!$M$6:$M$85,MATCH(Меню!$D$6,Рецепты!$H$6:$H$85,0)+19)) | H25: =IFERROR(IF(IFERROR(INDEX(Рецепты!$H$6:$H$85,MATCH(Меню!$D$6,Рецепты!$H$6:$H$85,0)+19)=Меню!$D$6,FALSE),INDEX(Рецепты!$L$6:$L$85,MATCH(Меню!$D$6,Рецепты!$H$6:$H$85,0)+19),0),0) -> 0 | I25: =IF($F25="","",Меню!$E$6) | J25: =IFERROR($H25*$I25,0) -> 0 | K25: =IFERROR($J25/100*INDEX(Продукты!$G$6:$G$66,MATCH($E25,Продукты!$A$6:$A$66,0)),0) -> 0 | L25: =IFERROR($J25/100*INDEX(Продукты!$H$6:$H$66,MATCH($E25,Продукты!$A$6:$A$66,0)),0) -> 0 | M25: =IFERROR($J25/100*INDEX(Продукты!$I$6:$I$66,MATCH($E25,Продукты!$A$6:$A$66,0)),0) -> 0 | N25: =IFERROR($J25/100*INDEX(Продукты!$J$6:$J$66,MATCH($E25,Продукты!$A$6:$A$66,0)),0) -> 0 | O25: =IFERROR(IF(IFERROR(INDEX(Рецепты!$H$6:$H$85,MATCH(Меню!$D$6,Рецепты!$H$6:$H$85,0)+19)=Меню!$D$6,FALSE),INDEX(Рецепты!$N$6:$N$85,MATCH(Меню!$D$6,Рецепты!$H$6:$H$85,0)+19),""),"")
A26: =IF($E26="","",Меню!$A$6) | B26: =IF($E26="","",Меню!$B$6) | C26: =IF($E26="","",Меню!$C$6) | D26: =IF($E26="","",Меню!$D$6) | E26: =IFERROR(IF(IFERROR(INDEX(Рецепты!$H$6:$H$85,MATCH(Меню!$D$6,Рецепты!$H$6:$H$85,0)+20)=Меню!$D$6,FALSE),INDEX(Рецепты!$J$6:$J$85,MATCH(Меню!$D$6,Рецепты!$H$6:$H$85,0)+20),""),"") | F26: =IF($E26="","",INDEX(Рецепты!$K$6:$K$85,MATCH(Меню!$D$6,Рецепты!$H$6:$H$85,0)+20)) | G26: =IF($E26="","",INDEX(Рецепты!$M$6:$M$85,MATCH(Меню!$D$6,Рецепты!$H$6:$H$85,0)+20)) | H26: =IFERROR(IF(IFERROR(INDEX(Рецепты!$H$6:$H$85,MATCH(Меню!$D$6,Рецепты!$H$6:$H$85,0)+20)=Меню!$D$6,FALSE),INDEX(Рецепты!$L$6:$L$85,MATCH(Меню!$D$6,Рецепты!$H$6:$H$85,0)+20),0),0) -> 0 | I26: =IF($F26="","",Меню!$E$6) | J26: =IFERROR($H26*$I26,0) -> 0 | K26: =IFERROR($J26/100*INDEX(Продукты!$G$6:$G$66,MATCH($E26,Продукты!$A$6:$A$66,0)),0) -> 0 | L26: =IFERROR($J26/100*INDEX(Продукты!$H$6:$H$66,MATCH($E26,Продукты!$A$6:$A$66,0)),0) -> 0 | M26: =IFERROR($J26/100*INDEX(Продукты!$I$6:$I$66,MATCH($E26,Продукты!$A$6:$A$66,0)),0) -> 0 | N26: =IFERROR($J26/100*INDEX(Продукты!$J$6:$J$66,MATCH($E26,Продукты!$A$6:$A$66,0)),0) -> 0 | O26: =IFERROR(IF(IFERROR(INDEX(Рецепты!$H$6:$H$85,MATCH(Меню!$D$6,Рецепты!$H$6:$H$85,0)+20)=Меню!$D$6,FALSE),INDEX(Рецепты!$N$6:$N$85,MATCH(Меню!$D$6,Рецепты!$H$6:$H$85,0)+20),""),"")
A27: =IF($E27="","",Меню!$A$6) | B27: =IF($E27="","",Меню!$B$6) | C27: =IF($E27="","",Меню!$C$6) | D27: =IF($E27="","",Меню!$D$6) | E27: =IFERROR(IF(IFERROR(INDEX(Рецепты!$H$6:$H$85,MATCH(Меню!$D$6,Рецепты!$H$6:$H$85,0)+21)=Меню!$D$6,FALSE),INDEX(Рецепты!$J$6:$J$85,MATCH(Меню!$D$6,Рецепты!$H$6:$H$85,0)+21),""),"") | F27: =IF($E27="","",INDEX(Рецепты!$K$6:$K$85,MATCH(Меню!$D$6,Рецепты!$H$6:$H$85,0)+21)) | G27: =IF($E27="","",INDEX(Рецепты!$M$6:$M$85,MATCH(Меню!$D$6,Рецепты!$H$6:$H$85,0)+21)) | H27: =IFERROR(IF(IFERROR(INDEX(Рецепты!$H$6:$H$85,MATCH(Меню!$D$6,Рецепты!$H$6:$H$85,0)+21)=Меню!$D$6,FALSE),INDEX(Рецепты!$L$6:$L$85,MATCH(Меню!$D$6,Рецепты!$H$6:$H$85,0)+21),0),0) -> 0 | I27: =IF($F27="","",Меню!$E$6) | J27: =IFERROR($H27*$I27,0) -> 0 | K27: =IFERROR($J27/100*INDEX(Продукты!$G$6:$G$66,MATCH($E27,Продукты!$A$6:$A$66,0)),0) -> 0 | L27: =IFERROR($J27/100*INDEX(Продукты!$H$6:$H$66,MATCH($E27,Продукты!$A$6:$A$66,0)),0) -> 0 | M27: =IFERROR($J27/100*INDEX(Продукты!$I$6:$I$66,MATCH($E27,Продукты!$A$6:$A$66,0)),0) -> 0 | N27: =IFERROR($J27/100*INDEX(Продукты!$J$6:$J$66,MATCH($E27,Продукты!$A$6:$A$66,0)),0) -> 0 | O27: =IFERROR(IF(IFERROR(INDEX(Рецепты!$H$6:$H$85,MATCH(Меню!$D$6,Рецепты!$H$6:$H$85,0)+21)=Меню!$D$6,FALSE),INDEX(Рецепты!$N$6:$N$85,MATCH(Меню!$D$6,Рецепты!$H$6:$H$85,0)+21),""),"")
A28: =IF($E28="","",Меню!$A$6) | B28: =IF($E28="","",Меню!$B$6) | C28: =IF($E28="","",Меню!$C$6) | D28: =IF($E28="","",Меню!$D$6) | E28: =IFERROR(IF(IFERROR(INDEX(Рецепты!$H$6:$H$85,MATCH(Меню!$D$6,Рецепты!$H$6:$H$85,0)+22)=Меню!$D$6,FALSE),INDEX(Рецепты!$J$6:$J$85,MATCH(Меню!$D$6,Рецепты!$H$6:$H$85,0)+22),""),"") | F28: =IF($E28="","",INDEX(Рецепты!$K$6:$K$85,MATCH(Меню!$D$6,Рецепты!$H$6:$H$85,0)+22)) | G28: =IF($E28="","",INDEX(Рецепты!$M$6:$M$85,MATCH(Меню!$D$6,Рецепты!$H$6:$H$85,0)+22)) | H28: =IFERROR(IF(IFERROR(INDEX(Рецепты!$H$6:$H$85,MATCH(Меню!$D$6,Рецепты!$H$6:$H$85,0)+22)=Меню!$D$6,FALSE),INDEX(Рецепты!$L$6:$L$85,MATCH(Меню!$D$6,Рецепты!$H$6:$H$85,0)+22),0),0) -> 0 | I28: =IF($F28="","",Меню!$E$6) | J28: =IFERROR($H28*$I28,0) -> 0 | K28: =IFERROR($J28/100*INDEX(Продукты!$G$6:$G$66,MATCH($E28,Продукты!$A$6:$A$66,0)),0) -> 0 | L28: =IFERROR($J28/100*INDEX(Продукты!$H$6:$H$66,MATCH($E28,Продукты!$A$6:$A$66,0)),0) -> 0 | M28: =IFERROR($J28/100*INDEX(Продукты!$I$6:$I$66,MATCH($E28,Продукты!$A$6:$A$66,0)),0) -> 0 | N28: =IFERROR($J28/100*INDEX(Продукты!$J$6:$J$66,MATCH($E28,Продукты!$A$6:$A$66,0)),0) -> 0 | O28: =IFERROR(IF(IFERROR(INDEX(Рецепты!$H$6:$H$85,MATCH(Меню!$D$6,Рецепты!$H$6:$H$85,0)+22)=Меню!$D$6,FALSE),INDEX(Рецепты!$N$6:$N$85,MATCH(Меню!$D$6,Рецепты!$H$6:$H$85,0)+22),""),"")
A29: =IF($E29="","",Меню!$A$6) | B29: =IF($E29="","",Меню!$B$6) | C29: =IF($E29="","",Меню!$C$6) | D29: =IF($E29="","",Меню!$D$6) | E29: =IFERROR(IF(IFERROR(INDEX(Рецепты!$H$6:$H$85,MATCH(Меню!$D$6,Рецепты!$H$6:$H$85,0)+23)=Меню!$D$6,FALSE),INDEX(Рецепты!$J$6:$J$85,MATCH(Меню!$D$6,Рецепты!$H$6:$H$85,0)+23),""),"") | F29: =IF($E29="","",INDEX(Рецепты!$K$6:$K$85,MATCH(Меню!$D$6,Рецепты!$H$6:$H$85,0)+23)) | G29: =IF($E29="","",INDEX(Рецепты!$M$6:$M$85,MATCH(Меню!$D$6,Рецепты!$H$6:$H$85,0)+23)) | H29: =IFERROR(IF(IFERROR(INDEX(Рецепты!$H$6:$H$85,MATCH(Меню!$D$6,Рецепты!$H$6:$H$85,0)+23)=Меню!$D$6,FALSE),INDEX(Рецепты!$L$6:$L$85,MATCH(Меню!$D$6,Рецепты!$H$6:$H$85,0)+23),0),0) -> 0 | I29: =IF($F29="","",Меню!$E$6) | J29: =IFERROR($H29*$I29,0) -> 0 | K29: =IFERROR($J29/100*INDEX(Продукты!$G$6:$G$66,MATCH($E29,Продукты!$A$6:$A$66,0)),0) -> 0 | L29: =IFERROR($J29/100*INDEX(Продукты!$H$6:$H$66,MATCH($E29,Продукты!$A$6:$A$66,0)),0) -> 0 | M29: =IFERROR($J29/100*INDEX(Продукты!$I$6:$I$66,MATCH($E29,Продукты!$A$6:$A$66,0)),0) -> 0 | N29: =IFERROR($J29/100*INDEX(Продукты!$J$6:$J$66,MATCH($E29,Продукты!$A$6:$A$66,0)),0) -> 0 | O29: =IFERROR(IF(IFERROR(INDEX(Рецепты!$H$6:$H$85,MATCH(Меню!$D$6,Рецепты!$H$6:$H$85,0)+23)=Меню!$D$6,FALSE),INDEX(Рецепты!$N$6:$N$85,MATCH(Меню!$D$6,Рецепты!$H$6:$H$85,0)+23),""),"")
A30: =IF($E30="","",Меню!$A$6) | B30: =IF($E30="","",Меню!$B$6) | C30: =IF($E30="","",Меню!$C$6) | D30: =IF($E30="","",Меню!$D$6) | E30: =IFERROR(IF(IFERROR(INDEX(Рецепты!$H$6:$H$85,MATCH(Меню!$D$6,Рецепты!$H$6:$H$85,0)+24)=Меню!$D$6,FALSE),INDEX(Рецепты!$J$6:$J$85,MATCH(Меню!$D$6,Рецепты!$H$6:$H$85,0)+24),""),"") | F30: =IF($E30="","",INDEX(Рецепты!$K$6:$K$85,MATCH(Меню!$D$6,Рецепты!$H$6:$H$85,0)+24)) | G30: =IF($E30="","",INDEX(Рецепты!$M$6:$M$85,MATCH(Меню!$D$6,Рецепты!$H$6:$H$85,0)+24)) | H30: =IFERROR(IF(IFERROR(INDEX(Рецепты!$H$6:$H$85,MATCH(Меню!$D$6,Рецепты!$H$6:$H$85,0)+24)=Меню!$D$6,FALSE),INDEX(Рецепты!$L$6:$L$85,MATCH(Меню!$D$6,Рецепты!$H$6:$H$85,0)+24),0),0) -> 0 | I30: =IF($F30="","",Меню!$E$6) | J30: =IFERROR($H30*$I30,0) -> 0 | K30: =IFERROR($J30/100*INDEX(Продукты!$G$6:$G$66,MATCH($E30,Продукты!$A$6:$A$66,0)),0) -> 0 | L30: =IFERROR($J30/100*INDEX(Продукты!$H$6:$H$66,MATCH($E30,Продукты!$A$6:$A$66,0)),0) -> 0 | M30: =IFERROR($J30/100*INDEX(Продукты!$I$6:$I$66,MATCH($E30,Продукты!$A$6:$A$66,0)),0) -> 0 | N30: =IFERROR($J30/100*INDEX(Продукты!$J$6:$J$66,MATCH($E30,Продукты!$A$6:$A$66,0)),0) -> 0 | O30: =IFERROR(IF(IFERROR(INDEX(Рецепты!$H$6:$H$85,MATCH(Меню!$D$6,Рецепты!$H$6:$H$85,0)+24)=Меню!$D$6,FALSE),INDEX(Рецепты!$N$6:$N$85,MATCH(Меню!$D$6,Рецепты!$H$6:$H$85,0)+24),""),"")
A31: =IF($E31="","",Меню!$A$7) | B31: =IF($E31="","",Меню!$B$7) | C31: =IF($E31="","",Меню!$C$7) | D31: =IF($E31="","",Меню!$D$7) | E31: =IFERROR(IF(IFERROR(INDEX(Рецепты!$H$6:$H$85,MATCH(Меню!$D$7,Рецепты!$H$6:$H$85,0)+0)=Меню!$D$7,FALSE),INDEX(Рецепты!$J$6:$J$85,MATCH(Меню!$D$7,Рецепты!$H$6:$H$85,0)+0),""),"") | F31: =IF($E31="","",INDEX(Рецепты!$K$6:$K$85,MATCH(Меню!$D$7,Рецепты!$H$6:$H$85,0)+0)) | G31: =IF($E31="","",INDEX(Рецепты!$M$6:$M$85,MATCH(Меню!$D$7,Рецепты!$H$6:$H$85,0)+0)) | H31: =IFERROR(IF(IFERROR(INDEX(Рецепты!$H$6:$H$85,MATCH(Меню!$D$7,Рецепты!$H$6:$H$85,0)+0)=Меню!$D$7,FALSE),INDEX(Рецепты!$L$6:$L$85,MATCH(Меню!$D$7,Рецепты!$H$6:$H$85,0)+0),0),0) -> 0 | I31: =IF($F31="","",Меню!$E$7) | J31: =IFERROR($H31*$I31,0) -> 0 | K31: =IFERROR($J31/100*INDEX(Продукты!$G$6:$G$66,MATCH($E31,Продукты!$A$6:$A$66,0)),0) -> 0 | L31: =IFERROR($J31/100*INDEX(Продукты!$H$6:$H$66,MATCH($E31,Продукты!$A$6:$A$66,0)),0) -> 0 | M31: =IFERROR($J31/100*INDEX(Продукты!$I$6:$I$66,MATCH($E31,Продукты!$A$6:$A$66,0)),0) -> 0 | N31: =IFERROR($J31/100*INDEX(Продукты!$J$6:$J$66,MATCH($E31,Продукты!$A$6:$A$66,0)),0) -> 0 | O31: =IFERROR(IF(IFERROR(INDEX(Рецепты!$H$6:$H$85,MATCH(Меню!$D$7,Рецепты!$H$6:$H$85,0)+0)=Меню!$D$7,FALSE),INDEX(Рецепты!$N$6:$N$85,MATCH(Меню!$D$7,Рецепты!$H$6:$H$85,0)+0),""),"")
A32: =IF($E32="","",Меню!$A$7) | B32: =IF($E32="","",Меню!$B$7) | C32: =IF($E32="","",Меню!$C$7) | D32: =IF($E32="","",Меню!$D$7) | E32: =IFERROR(IF(IFERROR(INDEX(Рецепты!$H$6:$H$85,MATCH(Меню!$D$7,Рецепты!$H$6:$H$85,0)+1)=Меню!$D$7,FALSE),INDEX(Рецепты!$J$6:$J$85,MATCH(Меню!$D$7,Рецепты!$H$6:$H$85,0)+1),""),"") | F32: =IF($E32="","",INDEX(Рецепты!$K$6:$K$85,MATCH(Меню!$D$7,Рецепты!$H$6:$H$85,0)+1)) | G32: =IF($E32="","",INDEX(Рецепты!$M$6:$M$85,MATCH(Меню!$D$7,Рецепты!$H$6:$H$85,0)+1)) | H32: =IFERROR(IF(IFERROR(INDEX(Рецепты!$H$6:$H$85,MATCH(Меню!$D$7,Рецепты!$H$6:$H$85,0)+1)=Меню!$D$7,FALSE),INDEX(Рецепты!$L$6:$L$85,MATCH(Меню!$D$7,Рецепты!$H$6:$H$85,0)+1),0),0) -> 0 | I32: =IF($F32="","",Меню!$E$7) | J32: =IFERROR($H32*$I32,0) -> 0 | K32: =IFERROR($J32/100*INDEX(Продукты!$G$6:$G$66,MATCH($E32,Продукты!$A$6:$A$66,0)),0) -> 0 | L32: =IFERROR($J32/100*INDEX(Продукты!$H$6:$H$66,MATCH($E32,Продукты!$A$6:$A$66,0)),0) -> 0 | M32: =IFERROR($J32/100*INDEX(Продукты!$I$6:$I$66,MATCH($E32,Продукты!$A$6:$A$66,0)),0) -> 0 | N32: =IFERROR($J32/100*INDEX(Продукты!$J$6:$J$66,MATCH($E32,Продукты!$A$6:$A$66,0)),0) -> 0 | O32: =IFERROR(IF(IFERROR(INDEX(Рецепты!$H$6:$H$85,MATCH(Меню!$D$7,Рецепты!$H$6:$H$85,0)+1)=Меню!$D$7,FALSE),INDEX(Рецепты!$N$6:$N$85,MATCH(Меню!$D$7,Рецепты!$H$6:$H$85,0)+1),""),"")
A33: =IF($E33="","",Меню!$A$7) | B33: =IF($E33="","",Меню!$B$7) | C33: =IF($E33="","",Меню!$C$7) | D33: =IF($E33="","",Меню!$D$7) | E33: =IFERROR(IF(IFERROR(INDEX(Рецепты!$H$6:$H$85,MATCH(Меню!$D$7,Рецепты!$H$6:$H$85,0)+2)=Меню!$D$7,FALSE),INDEX(Рецепты!$J$6:$J$85,MATCH(Меню!$D$7,Рецепты!$H$6:$H$85,0)+2),""),"") | F33: =IF($E33="","",INDEX(Рецепты!$K$6:$K$85,MATCH(Меню!$D$7,Рецепты!$H$6:$H$85,0)+2)) | G33: =IF($E33="","",INDEX(Рецепты!$M$6:$M$85,MATCH(Меню!$D$7,Рецепты!$H$6:$H$85,0)+2)) | H33: =IFERROR(IF(IFERROR(INDEX(Рецепты!$H$6:$H$85,MATCH(Меню!$D$7,Рецепты!$H$6:$H$85,0)+2)=Меню!$D$7,FALSE),INDEX(Рецепты!$L$6:$L$85,MATCH(Меню!$D$7,Рецепты!$H$6:$H$85,0)+2),0),0) -> 0 | I33: =IF($F33="","",Меню!$E$7) | J33: =IFERROR($H33*$I33,0) -> 0 | K33: =IFERROR($J33/100*INDEX(Продукты!$G$6:$G$66,MATCH($E33,Продукты!$A$6:$A$66,0)),0) -> 0 | L33: =IFERROR($J33/100*INDEX(Продукты!$H$6:$H$66,MATCH($E33,Продукты!$A$6:$A$66,0)),0) -> 0 | M33: =IFERROR($J33/100*INDEX(Продукты!$I$6:$I$66,MATCH($E33,Продукты!$A$6:$A$66,0)),0) -> 0 | N33: =IFERROR($J33/100*INDEX(Продукты!$J$6:$J$66,MATCH($E33,Продукты!$A$6:$A$66,0)),0) -> 0 | O33: =IFERROR(IF(IFERROR(INDEX(Рецепты!$H$6:$H$85,MATCH(Меню!$D$7,Рецепты!$H$6:$H$85,0)+2)=Меню!$D$7,FALSE),INDEX(Рецепты!$N$6:$N$85,MATCH(Меню!$D$7,Рецепты!$H$6:$H$85,0)+2),""),"")
A34: =IF($E34="","",Меню!$A$7) | B34: =IF($E34="","",Меню!$B$7) | C34: =IF($E34="","",Меню!$C$7) | D34: =IF($E34="","",Меню!$D$7) | E34: =IFERROR(IF(IFERROR(INDEX(Рецепты!$H$6:$H$85,MATCH(Меню!$D$7,Рецепты!$H$6:$H$85,0)+3)=Меню!$D$7,FALSE),INDEX(Рецепты!$J$6:$J$85,MATCH(Меню!$D$7,Рецепты!$H$6:$H$85,0)+3),""),"") | F34: =IF($E34="","",INDEX(Рецепты!$K$6:$K$85,MATCH(Меню!$D$7,Рецепты!$H$6:$H$85,0)+3)) | G34: =IF($E34="","",INDEX(Рецепты!$M$6:$M$85,MATCH(Меню!$D$7,Рецепты!$H$6:$H$85,0)+3)) | H34: =IFERROR(IF(IFERROR(INDEX(Рецепты!$H$6:$H$85,MATCH(Меню!$D$7,Рецепты!$H$6:$H$85,0)+3)=Меню!$D$7,FALSE),INDEX(Рецепты!$L$6:$L$85,MATCH(Меню!$D$7,Рецепты!$H$6:$H$85,0)+3),0),0) -> 0 | I34: =IF($F34="","",Меню!$E$7) | J34: =IFERROR($H34*$I34,0) -> 0 | K34: =IFERROR($J34/100*INDEX(Продукты!$G$6:$G$66,MATCH($E34,Продукты!$A$6:$A$66,0)),0) -> 0 | L34: =IFERROR($J34/100*INDEX(Продукты!$H$6:$H$66,MATCH($E34,Продукты!$A$6:$A$66,0)),0) -> 0 | M34: =IFERROR($J34/100*INDEX(Продукты!$I$6:$I$66,MATCH($E34,Продукты!$A$6:$A$66,0)),0) -> 0 | N34: =IFERROR($J34/100*INDEX(Продукты!$J$6:$J$66,MATCH($E34,Продукты!$A$6:$A$66,0)),0) -> 0 | O34: =IFERROR(IF(IFERROR(INDEX(Рецепты!$H$6:$H$85,MATCH(Меню!$D$7,Рецепты!$H$6:$H$85,0)+3)=Меню!$D$7,FALSE),INDEX(Рецепты!$N$6:$N$85,MATCH(Меню!$D$7,Рецепты!$H$6:$H$85,0)+3),""),"")
A35: =IF($E35="","",Меню!$A$7) | B35: =IF($E35="","",Меню!$B$7) | C35: =IF($E35="","",Меню!$C$7) | D35: =IF($E35="","",Меню!$D$7) | E35: =IFERROR(IF(IFERROR(INDEX(Рецепты!$H$6:$H$85,MATCH(Меню!$D$7,Рецепты!$H$6:$H$85,0)+4)=Меню!$D$7,FALSE),INDEX(Рецепты!$J$6:$J$85,MATCH(Меню!$D$7,Рецепты!$H$6:$H$85,0)+4),""),"") | F35: =IF($E35="","",INDEX(Рецепты!$K$6:$K$85,MATCH(Меню!$D$7,Рецепты!$H$6:$H$85,0)+4)) | G35: =IF($E35="","",INDEX(Рецепты!$M$6:$M$85,MATCH(Меню!$D$7,Рецепты!$H$6:$H$85,0)+4)) | H35: =IFERROR(IF(IFERROR(INDEX(Рецепты!$H$6:$H$85,MATCH(Меню!$D$7,Рецепты!$H$6:$H$85,0)+4)=Меню!$D$7,FALSE),INDEX(Рецепты!$L$6:$L$85,MATCH(Меню!$D$7,Рецепты!$H$6:$H$85,0)+4),0),0) -> 0 | I35: =IF($F35="","",Меню!$E$7) | J35: =IFERROR($H35*$I35,0) -> 0 | K35: =IFERROR($J35/100*INDEX(Продукты!$G$6:$G$66,MATCH($E35,Продукты!$A$6:$A$66,0)),0) -> 0 | L35: =IFERROR($J35/100*INDEX(Продукты!$H$6:$H$66,MATCH($E35,Продукты!$A$6:$A$66,0)),0) -> 0 | M35: =IFERROR($J35/100*INDEX(Продукты!$I$6:$I$66,MATCH($E35,Продукты!$A$6:$A$66,0)),0) -> 0 | N35: =IFERROR($J35/100*INDEX(Продукты!$J$6:$J$66,MATCH($E35,Продукты!$A$6:$A$66,0)),0) -> 0 | O35: =IFERROR(IF(IFERROR(INDEX(Рецепты!$H$6:$H$85,MATCH(Меню!$D$7,Рецепты!$H$6:$H$85,0)+4)=Меню!$D$7,FALSE),INDEX(Рецепты!$N$6:$N$85,MATCH(Меню!$D$7,Рецепты!$H$6:$H$85,0)+4),""),"")
A36: =IF($E36="","",Меню!$A$7) | B36: =IF($E36="","",Меню!$B$7) | C36: =IF($E36="","",Меню!$C$7) | D36: =IF($E36="","",Меню!$D$7) | E36: =IFERROR(IF(IFERROR(INDEX(Рецепты!$H$6:$H$85,MATCH(Меню!$D$7,Рецепты!$H$6:$H$85,0)+5)=Меню!$D$7,FALSE),INDEX(Рецепты!$J$6:$J$85,MATCH(Меню!$D$7,Рецепты!$H$6:$H$85,0)+5),""),"") | F36: =IF($E36="","",INDEX(Рецепты!$K$6:$K$85,MATCH(Меню!$D$7,Рецепты!$H$6:$H$85,0)+5)) | G36: =IF($E36="","",INDEX(Рецепты!$M$6:$M$85,MATCH(Меню!$D$7,Рецепты!$H$6:$H$85,0)+5)) | H36: =IFERROR(IF(IFERROR(INDEX(Рецепты!$H$6:$H$85,MATCH(Меню!$D$7,Рецепты!$H$6:$H$85,0)+5)=Меню!$D$7,FALSE),INDEX(Рецепты!$L$6:$L$85,MATCH(Меню!$D$7,Рецепты!$H$6:$H$85,0)+5),0),0) -> 0 | I36: =IF($F36="","",Меню!$E$7) | J36: =IFERROR($H36*$I36,0) -> 0 | K36: =IFERROR($J36/100*INDEX(Продукты!$G$6:$G$66,MATCH($E36,Продукты!$A$6:$A$66,0)),0) -> 0 | L36: =IFERROR($J36/100*INDEX(Продукты!$H$6:$H$66,MATCH($E36,Продукты!$A$6:$A$66,0)),0) -> 0 | M36: =IFERROR($J36/100*INDEX(Продукты!$I$6:$I$66,MATCH($E36,Продукты!$A$6:$A$66,0)),0) -> 0 | N36: =IFERROR($J36/100*INDEX(Продукты!$J$6:$J$66,MATCH($E36,Продукты!$A$6:$A$66,0)),0) -> 0 | O36: =IFERROR(IF(IFERROR(INDEX(Рецепты!$H$6:$H$85,MATCH(Меню!$D$7,Рецепты!$H$6:$H$85,0)+5)=Меню!$D$7,FALSE),INDEX(Рецепты!$N$6:$N$85,MATCH(Меню!$D$7,Рецепты!$H$6:$H$85,0)+5),""),"")
A37: =IF($E37="","",Меню!$A$7) | B37: =IF($E37="","",Меню!$B$7) | C37: =IF($E37="","",Меню!$C$7) | D37: =IF($E37="","",Меню!$D$7) | E37: =IFERROR(IF(IFERROR(INDEX(Рецепты!$H$6:$H$85,MATCH(Меню!$D$7,Рецепты!$H$6:$H$85,0)+6)=Меню!$D$7,FALSE),INDEX(Рецепты!$J$6:$J$85,MATCH(Меню!$D$7,Рецепты!$H$6:$H$85,0)+6),""),"") | F37: =IF($E37="","",INDEX(Рецепты!$K$6:$K$85,MATCH(Меню!$D$7,Рецепты!$H$6:$H$85,0)+6)) | G37: =IF($E37="","",INDEX(Рецепты!$M$6:$M$85,MATCH(Меню!$D$7,Рецепты!$H$6:$H$85,0)+6)) | H37: =IFERROR(IF(IFERROR(INDEX(Рецепты!$H$6:$H$85,MATCH(Меню!$D$7,Рецепты!$H$6:$H$85,0)+6)=Меню!$D$7,FALSE),INDEX(Рецепты!$L$6:$L$85,MATCH(Меню!$D$7,Рецепты!$H$6:$H$85,0)+6),0),0) -> 0 | I37: =IF($F37="","",Меню!$E$7) | J37: =IFERROR($H37*$I37,0) -> 0 | K37: =IFERROR($J37/100*INDEX(Продукты!$G$6:$G$66,MATCH($E37,Продукты!$A$6:$A$66,0)),0) -> 0 | L37: =IFERROR($J37/100*INDEX(Продукты!$H$6:$H$66,MATCH($E37,Продукты!$A$6:$A$66,0)),0) -> 0 | M37: =IFERROR($J37/100*INDEX(Продукты!$I$6:$I$66,MATCH($E37,Продукты!$A$6:$A$66,0)),0) -> 0 | N37: =IFERROR($J37/100*INDEX(Продукты!$J$6:$J$66,MATCH($E37,Продукты!$A$6:$A$66,0)),0) -> 0 | O37: =IFERROR(IF(IFERROR(INDEX(Рецепты!$H$6:$H$85,MATCH(Меню!$D$7,Рецепты!$H$6:$H$85,0)+6)=Меню!$D$7,FALSE),INDEX(Рецепты!$N$6:$N$85,MATCH(Меню!$D$7,Рецепты!$H$6:$H$85,0)+6),""),"")
A38: =IF($E38="","",Меню!$A$7) | B38: =IF($E38="","",Меню!$B$7) | C38: =IF($E38="","",Меню!$C$7) | D38: =IF($E38="","",Меню!$D$7) | E38: =IFERROR(IF(IFERROR(INDEX(Рецепты!$H$6:$H$85,MATCH(Меню!$D$7,Рецепты!$H$6:$H$85,0)+7)=Меню!$D$7,FALSE),INDEX(Рецепты!$J$6:$J$85,MATCH(Меню!$D$7,Рецепты!$H$6:$H$85,0)+7),""),"") | F38: =IF($E38="","",INDEX(Рецепты!$K$6:$K$85,MATCH(Меню!$D$7,Рецепты!$H$6:$H$85,0)+7)) | G38: =IF($E38="","",INDEX(Рецепты!$M$6:$M$85,MATCH(Меню!$D$7,Рецепты!$H$6:$H$85,0)+7)) | H38: =IFERROR(IF(IFERROR(INDEX(Рецепты!$H$6:$H$85,MATCH(Меню!$D$7,Рецепты!$H$6:$H$85,0)+7)=Меню!$D$7,FALSE),INDEX(Рецепты!$L$6:$L$85,MATCH(Меню!$D$7,Рецепты!$H$6:$H$85,0)+7),0),0) -> 0 | I38: =IF($F38="","",Меню!$E$7) | J38: =IFERROR($H38*$I38,0) -> 0 | K38: =IFERROR($J38/100*INDEX(Продукты!$G$6:$G$66,MATCH($E38,Продукты!$A$6:$A$66,0)),0) -> 0 | L38: =IFERROR($J38/100*INDEX(Продукты!$H$6:$H$66,MATCH($E38,Продукты!$A$6:$A$66,0)),0) -> 0 | M38: =IFERROR($J38/100*INDEX(Продукты!$I$6:$I$66,MATCH($E38,Продукты!$A$6:$A$66,0)),0) -> 0 | N38: =IFERROR($J38/100*INDEX(Продукты!$J$6:$J$66,MATCH($E38,Продукты!$A$6:$A$66,0)),0) -> 0 | O38: =IFERROR(IF(IFERROR(INDEX(Рецепты!$H$6:$H$85,MATCH(Меню!$D$7,Рецепты!$H$6:$H$85,0)+7)=Меню!$D$7,FALSE),INDEX(Рецепты!$N$6:$N$85,MATCH(Меню!$D$7,Рецепты!$H$6:$H$85,0)+7),""),"")
A39: =IF($E39="","",Меню!$A$7) | B39: =IF($E39="","",Меню!$B$7) | C39: =IF($E39="","",Меню!$C$7) | D39: =IF($E39="","",Меню!$D$7) | E39: =IFERROR(IF(IFERROR(INDEX(Рецепты!$H$6:$H$85,MATCH(Меню!$D$7,Рецепты!$H$6:$H$85,0)+8)=Меню!$D$7,FALSE),INDEX(Рецепты!$J$6:$J$85,MATCH(Меню!$D$7,Рецепты!$H$6:$H$85,0)+8),""),"") | F39: =IF($E39="","",INDEX(Рецепты!$K$6:$K$85,MATCH(Меню!$D$7,Рецепты!$H$6:$H$85,0)+8)) | G39: =IF($E39="","",INDEX(Рецепты!$M$6:$M$85,MATCH(Меню!$D$7,Рецепты!$H$6:$H$85,0)+8)) | H39: =IFERROR(IF(IFERROR(INDEX(Рецепты!$H$6:$H$85,MATCH(Меню!$D$7,Рецепты!$H$6:$H$85,0)+8)=Меню!$D$7,FALSE),INDEX(Рецепты!$L$6:$L$85,MATCH(Меню!$D$7,Рецепты!$H$6:$H$85,0)+8),0),0) -> 0 | I39: =IF($F39="","",Меню!$E$7) | J39: =IFERROR($H39*$I39,0) -> 0 | K39: =IFERROR($J39/100*INDEX(Продукты!$G$6:$G$66,MATCH($E39,Продукты!$A$6:$A$66,0)),0) -> 0 | L39: =IFERROR($J39/100*INDEX(Продукты!$H$6:$H$66,MATCH($E39,Продукты!$A$6:$A$66,0)),0) -> 0 | M39: =IFERROR($J39/100*INDEX(Продукты!$I$6:$I$66,MATCH($E39,Продукты!$A$6:$A$66,0)),0) -> 0 | N39: =IFERROR($J39/100*INDEX(Продукты!$J$6:$J$66,MATCH($E39,Продукты!$A$6:$A$66,0)),0) -> 0 | O39: =IFERROR(IF(IFERROR(INDEX(Рецепты!$H$6:$H$85,MATCH(Меню!$D$7,Рецепты!$H$6:$H$85,0)+8)=Меню!$D$7,FALSE),INDEX(Рецепты!$N$6:$N$85,MATCH(Меню!$D$7,Рецепты!$H$6:$H$85,0)+8),""),"")
A40: =IF($E40="","",Меню!$A$7) | B40: =IF($E40="","",Меню!$B$7) | C40: =IF($E40="","",Меню!$C$7) | D40: =IF($E40="","",Меню!$D$7) | E40: =IFERROR(IF(IFERROR(INDEX(Рецепты!$H$6:$H$85,MATCH(Меню!$D$7,Рецепты!$H$6:$H$85,0)+9)=Меню!$D$7,FALSE),INDEX(Рецепты!$J$6:$J$85,MATCH(Меню!$D$7,Рецепты!$H$6:$H$85,0)+9),""),"") | F40: =IF($E40="","",INDEX(Рецепты!$K$6:$K$85,MATCH(Меню!$D$7,Рецепты!$H$6:$H$85,0)+9)) | G40: =IF($E40="","",INDEX(Рецепты!$M$6:$M$85,MATCH(Меню!$D$7,Рецепты!$H$6:$H$85,0)+9)) | H40: =IFERROR(IF(IFERROR(INDEX(Рецепты!$H$6:$H$85,MATCH(Меню!$D$7,Рецепты!$H$6:$H$85,0)+9)=Меню!$D$7,FALSE),INDEX(Рецепты!$L$6:$L$85,MATCH(Меню!$D$7,Рецепты!$H$6:$H$85,0)+9),0),0) -> 0 | I40: =IF($F40="","",Меню!$E$7) | J40: =IFERROR($H40*$I40,0) -> 0 | K40: =IFERROR($J40/100*INDEX(Продукты!$G$6:$G$66,MATCH($E40,Продукты!$A$6:$A$66,0)),0) -> 0 | L40: =IFERROR($J40/100*INDEX(Продукты!$H$6:$H$66,MATCH($E40,Продукты!$A$6:$A$66,0)),0) -> 0 | M40: =IFERROR($J40/100*INDEX(Продукты!$I$6:$I$66,MATCH($E40,Продукты!$A$6:$A$66,0)),0) -> 0 | N40: =IFERROR($J40/100*INDEX(Продукты!$J$6:$J$66,MATCH($E40,Продукты!$A$6:$A$66,0)),0) -> 0 | O40: =IFERROR(IF(IFERROR(INDEX(Рецепты!$H$6:$H$85,MATCH(Меню!$D$7,Рецепты!$H$6:$H$85,0)+9)=Меню!$D$7,FALSE),INDEX(Рецепты!$N$6:$N$85,MATCH(Меню!$D$7,Рецепты!$H$6:$H$85,0)+9),""),"")
A41: =IF($E41="","",Меню!$A$7) | B41: =IF($E41="","",Меню!$B$7) | C41: =IF($E41="","",Меню!$C$7) | D41: =IF($E41="","",Меню!$D$7) | E41: =IFERROR(IF(IFERROR(INDEX(Рецепты!$H$6:$H$85,MATCH(Меню!$D$7,Рецепты!$H$6:$H$85,0)+10)=Меню!$D$7,FALSE),INDEX(Рецепты!$J$6:$J$85,MATCH(Меню!$D$7,Рецепты!$H$6:$H$85,0)+10),""),"") | F41: =IF($E41="","",INDEX(Рецепты!$K$6:$K$85,MATCH(Меню!$D$7,Рецепты!$H$6:$H$85,0)+10)) | G41: =IF($E41="","",INDEX(Рецепты!$M$6:$M$85,MATCH(Меню!$D$7,Рецепты!$H$6:$H$85,0)+10)) | H41: =IFERROR(IF(IFERROR(INDEX(Рецепты!$H$6:$H$85,MATCH(Меню!$D$7,Рецепты!$H$6:$H$85,0)+10)=Меню!$D$7,FALSE),INDEX(Рецепты!$L$6:$L$85,MATCH(Меню!$D$7,Рецепты!$H$6:$H$85,0)+10),0),0) -> 0 | I41: =IF($F41="","",Меню!$E$7) | J41: =IFERROR($H41*$I41,0) -> 0 | K41: =IFERROR($J41/100*INDEX(Продукты!$G$6:$G$66,MATCH($E41,Продукты!$A$6:$A$66,0)),0) -> 0 | L41: =IFERROR($J41/100*INDEX(Продукты!$H$6:$H$66,MATCH($E41,Продукты!$A$6:$A$66,0)),0) -> 0 | M41: =IFERROR($J41/100*INDEX(Продукты!$I$6:$I$66,MATCH($E41,Продукты!$A$6:$A$66,0)),0) -> 0 | N41: =IFERROR($J41/100*INDEX(Продукты!$J$6:$J$66,MATCH($E41,Продукты!$A$6:$A$66,0)),0) -> 0 | O41: =IFERROR(IF(IFERROR(INDEX(Рецепты!$H$6:$H$85,MATCH(Меню!$D$7,Рецепты!$H$6:$H$85,0)+10)=Меню!$D$7,FALSE),INDEX(Рецепты!$N$6:$N$85,MATCH(Меню!$D$7,Рецепты!$H$6:$H$85,0)+10),""),"")
A42: =IF($E42="","",Меню!$A$7) | B42: =IF($E42="","",Меню!$B$7) | C42: =IF($E42="","",Меню!$C$7) | D42: =IF($E42="","",Меню!$D$7) | E42: =IFERROR(IF(IFERROR(INDEX(Рецепты!$H$6:$H$85,MATCH(Меню!$D$7,Рецепты!$H$6:$H$85,0)+11)=Меню!$D$7,FALSE),INDEX(Рецепты!$J$6:$J$85,MATCH(Меню!$D$7,Рецепты!$H$6:$H$85,0)+11),""),"") | F42: =IF($E42="","",INDEX(Рецепты!$K$6:$K$85,MATCH(Меню!$D$7,Рецепты!$H$6:$H$85,0)+11)) | G42: =IF($E42="","",INDEX(Рецепты!$M$6:$M$85,MATCH(Меню!$D$7,Рецепты!$H$6:$H$85,0)+11)) | H42: =IFERROR(IF(IFERROR(INDEX(Рецепты!$H$6:$H$85,MATCH(Меню!$D$7,Рецепты!$H$6:$H$85,0)+11)=Меню!$D$7,FALSE),INDEX(Рецепты!$L$6:$L$85,MATCH(Меню!$D$7,Рецепты!$H$6:$H$85,0)+11),0),0) -> 0 | I42: =IF($F42="","",Меню!$E$7) | J42: =IFERROR($H42*$I42,0) -> 0 | K42: =IFERROR($J42/100*INDEX(Продукты!$G$6:$G$66,MATCH($E42,Продукты!$A$6:$A$66,0)),0) -> 0 | L42: =IFERROR($J42/100*INDEX(Продукты!$H$6:$H$66,MATCH($E42,Продукты!$A$6:$A$66,0)),0) -> 0 | M42: =IFERROR($J42/100*INDEX(Продукты!$I$6:$I$66,MATCH($E42,Продукты!$A$6:$A$66,0)),0) -> 0 | N42: =IFERROR($J42/100*INDEX(Продукты!$J$6:$J$66,MATCH($E42,Продукты!$A$6:$A$66,0)),0) -> 0 | O42: =IFERROR(IF(IFERROR(INDEX(Рецепты!$H$6:$H$85,MATCH(Меню!$D$7,Рецепты!$H$6:$H$85,0)+11)=Меню!$D$7,FALSE),INDEX(Рецепты!$N$6:$N$85,MATCH(Меню!$D$7,Рецепты!$H$6:$H$85,0)+11),""),"")
A43: =IF($E43="","",Меню!$A$7) | B43: =IF($E43="","",Меню!$B$7) | C43: =IF($E43="","",Меню!$C$7) | D43: =IF($E43="","",Меню!$D$7) | E43: =IFERROR(IF(IFERROR(INDEX(Рецепты!$H$6:$H$85,MATCH(Меню!$D$7,Рецепты!$H$6:$H$85,0)+12)=Меню!$D$7,FALSE),INDEX(Рецепты!$J$6:$J$85,MATCH(Меню!$D$7,Рецепты!$H$6:$H$85,0)+12),""),"") | F43: =IF($E43="","",INDEX(Рецепты!$K$6:$K$85,MATCH(Меню!$D$7,Рецепты!$H$6:$H$85,0)+12)) | G43: =IF($E43="","",INDEX(Рецепты!$M$6:$M$85,MATCH(Меню!$D$7,Рецепты!$H$6:$H$85,0)+12)) | H43: =IFERROR(IF(IFERROR(INDEX(Рецепты!$H$6:$H$85,MATCH(Меню!$D$7,Рецепты!$H$6:$H$85,0)+12)=Меню!$D$7,FALSE),INDEX(Рецепты!$L$6:$L$85,MATCH(Меню!$D$7,Рецепты!$H$6:$H$85,0)+12),0),0) -> 0 | I43: =IF($F43="","",Меню!$E$7) | J43: =IFERROR($H43*$I43,0) -> 0 | K43: =IFERROR($J43/100*INDEX(Продукты!$G$6:$G$66,MATCH($E43,Продукты!$A$6:$A$66,0)),0) -> 0 | L43: =IFERROR($J43/100*INDEX(Продукты!$H$6:$H$66,MATCH($E43,Продукты!$A$6:$A$66,0)),0) -> 0 | M43: =IFERROR($J43/100*INDEX(Продукты!$I$6:$I$66,MATCH($E43,Продукты!$A$6:$A$66,0)),0) -> 0 | N43: =IFERROR($J43/100*INDEX(Продукты!$J$6:$J$66,MATCH($E43,Продукты!$A$6:$A$66,0)),0) -> 0 | O43: =IFERROR(IF(IFERROR(INDEX(Рецепты!$H$6:$H$85,MATCH(Меню!$D$7,Рецепты!$H$6:$H$85,0)+12)=Меню!$D$7,FALSE),INDEX(Рецепты!$N$6:$N$85,MATCH(Меню!$D$7,Рецепты!$H$6:$H$85,0)+12),""),"")
A44: =IF($E44="","",Меню!$A$7) | B44: =IF($E44="","",Меню!$B$7) | C44: =IF($E44="","",Меню!$C$7) | D44: =IF($E44="","",Меню!$D$7) | E44: =IFERROR(IF(IFERROR(INDEX(Рецепты!$H$6:$H$85,MATCH(Меню!$D$7,Рецепты!$H$6:$H$85,0)+13)=Меню!$D$7,FALSE),INDEX(Рецепты!$J$6:$J$85,MATCH(Меню!$D$7,Рецепты!$H$6:$H$85,0)+13),""),"") | F44: =IF($E44="","",INDEX(Рецепты!$K$6:$K$85,MATCH(Меню!$D$7,Рецепты!$H$6:$H$85,0)+13)) | G44: =IF($E44="","",INDEX(Рецепты!$M$6:$M$85,MATCH(Меню!$D$7,Рецепты!$H$6:$H$85,0)+13)) | H44: =IFERROR(IF(IFERROR(INDEX(Рецепты!$H$6:$H$85,MATCH(Меню!$D$7,Рецепты!$H$6:$H$85,0)+13)=Меню!$D$7,FALSE),INDEX(Рецепты!$L$6:$L$85,MATCH(Меню!$D$7,Рецепты!$H$6:$H$85,0)+13),0),0) -> 0 | I44: =IF($F44="","",Меню!$E$7) | J44: =IFERROR($H44*$I44,0) -> 0 | K44: =IFERROR($J44/100*INDEX(Продукты!$G$6:$G$66,MATCH($E44,Продукты!$A$6:$A$66,0)),0) -> 0 | L44: =IFERROR($J44/100*INDEX(Продукты!$H$6:$H$66,MATCH($E44,Продукты!$A$6:$A$66,0)),0) -> 0 | M44: =IFERROR($J44/100*INDEX(Продукты!$I$6:$I$66,MATCH($E44,Продукты!$A$6:$A$66,0)),0) -> 0 | N44: =IFERROR($J44/100*INDEX(Продукты!$J$6:$J$66,MATCH($E44,Продукты!$A$6:$A$66,0)),0) -> 0 | O44: =IFERROR(IF(IFERROR(INDEX(Рецепты!$H$6:$H$85,MATCH(Меню!$D$7,Рецепты!$H$6:$H$85,0)+13)=Меню!$D$7,FALSE),INDEX(Рецепты!$N$6:$N$85,MATCH(Меню!$D$7,Рецепты!$H$6:$H$85,0)+13),""),"")
A45: =IF($E45="","",Меню!$A$7) | B45: =IF($E45="","",Меню!$B$7) | C45: =IF($E45="","",Меню!$C$7) | D45: =IF($E45="","",Меню!$D$7) | E45: =IFERROR(IF(IFERROR(INDEX(Рецепты!$H$6:$H$85,MATCH(Меню!$D$7,Рецепты!$H$6:$H$85,0)+14)=Меню!$D$7,FALSE),INDEX(Рецепты!$J$6:$J$85,MATCH(Меню!$D$7,Рецепты!$H$6:$H$85,0)+14),""),"") | F45: =IF($E45="","",INDEX(Рецепты!$K$6:$K$85,MATCH(Меню!$D$7,Рецепты!$H$6:$H$85,0)+14)) | G45: =IF($E45="","",INDEX(Рецепты!$M$6:$M$85,MATCH(Меню!$D$7,Рецепты!$H$6:$H$85,0)+14)) | H45: =IFERROR(IF(IFERROR(INDEX(Рецепты!$H$6:$H$85,MATCH(Меню!$D$7,Рецепты!$H$6:$H$85,0)+14)=Меню!$D$7,FALSE),INDEX(Рецепты!$L$6:$L$85,MATCH(Меню!$D$7,Рецепты!$H$6:$H$85,0)+14),0),0) -> 0 | I45: =IF($F45="","",Меню!$E$7) | J45: =IFERROR($H45*$I45,0) -> 0 | K45: =IFERROR($J45/100*INDEX(Продукты!$G$6:$G$66,MATCH($E45,Продукты!$A$6:$A$66,0)),0) -> 0 | L45: =IFERROR($J45/100*INDEX(Продукты!$H$6:$H$66,MATCH($E45,Продукты!$A$6:$A$66,0)),0) -> 0 | M45: =IFERROR($J45/100*INDEX(Продукты!$I$6:$I$66,MATCH($E45,Продукты!$A$6:$A$66,0)),0) -> 0 | N45: =IFERROR($J45/100*INDEX(Продукты!$J$6:$J$66,MATCH($E45,Продукты!$A$6:$A$66,0)),0) -> 0 | O45: =IFERROR(IF(IFERROR(INDEX(Рецепты!$H$6:$H$85,MATCH(Меню!$D$7,Рецепты!$H$6:$H$85,0)+14)=Меню!$D$7,FALSE),INDEX(Рецепты!$N$6:$N$85,MATCH(Меню!$D$7,Рецепты!$H$6:$H$85,0)+14),""),"")
A46: =IF($E46="","",Меню!$A$7) | B46: =IF($E46="","",Меню!$B$7) | C46: =IF($E46="","",Меню!$C$7) | D46: =IF($E46="","",Меню!$D$7) | E46: =IFERROR(IF(IFERROR(INDEX(Рецепты!$H$6:$H$85,MATCH(Меню!$D$7,Рецепты!$H$6:$H$85,0)+15)=Меню!$D$7,FALSE),INDEX(Рецепты!$J$6:$J$85,MATCH(Меню!$D$7,Рецепты!$H$6:$H$85,0)+15),""),"") | F46: =IF($E46="","",INDEX(Рецепты!$K$6:$K$85,MATCH(Меню!$D$7,Рецепты!$H$6:$H$85,0)+15)) | G46: =IF($E46="","",INDEX(Рецепты!$M$6:$M$85,MATCH(Меню!$D$7,Рецепты!$H$6:$H$85,0)+15)) | H46: =IFERROR(IF(IFERROR(INDEX(Рецепты!$H$6:$H$85,MATCH(Меню!$D$7,Рецепты!$H$6:$H$85,0)+15)=Меню!$D$7,FALSE),INDEX(Рецепты!$L$6:$L$85,MATCH(Меню!$D$7,Рецепты!$H$6:$H$85,0)+15),0),0) -> 0 | I46: =IF($F46="","",Меню!$E$7) | J46: =IFERROR($H46*$I46,0) -> 0 | K46: =IFERROR($J46/100*INDEX(Продукты!$G$6:$G$66,MATCH($E46,Продукты!$A$6:$A$66,0)),0) -> 0 | L46: =IFERROR($J46/100*INDEX(Продукты!$H$6:$H$66,MATCH($E46,Продукты!$A$6:$A$66,0)),0) -> 0 | M46: =IFERROR($J46/100*INDEX(Продукты!$I$6:$I$66,MATCH($E46,Продукты!$A$6:$A$66,0)),0) -> 0 | N46: =IFERROR($J46/100*INDEX(Продукты!$J$6:$J$66,MATCH($E46,Продукты!$A$6:$A$66,0)),0) -> 0 | O46: =IFERROR(IF(IFERROR(INDEX(Рецепты!$H$6:$H$85,MATCH(Меню!$D$7,Рецепты!$H$6:$H$85,0)+15)=Меню!$D$7,FALSE),INDEX(Рецепты!$N$6:$N$85,MATCH(Меню!$D$7,Рецепты!$H$6:$H$85,0)+15),""),"")
A47: =IF($E47="","",Меню!$A$7) | B47: =IF($E47="","",Меню!$B$7) | C47: =IF($E47="","",Меню!$C$7) | D47: =IF($E47="","",Меню!$D$7) | E47: =IFERROR(IF(IFERROR(INDEX(Рецепты!$H$6:$H$85,MATCH(Меню!$D$7,Рецепты!$H$6:$H$85,0)+16)=Меню!$D$7,FALSE),INDEX(Рецепты!$J$6:$J$85,MATCH(Меню!$D$7,Рецепты!$H$6:$H$85,0)+16),""),"") | F47: =IF($E47="","",INDEX(Рецепты!$K$6:$K$85,MATCH(Меню!$D$7,Рецепты!$H$6:$H$85,0)+16)) | G47: =IF($E47="","",INDEX(Рецепты!$M$6:$M$85,MATCH(Меню!$D$7,Рецепты!$H$6:$H$85,0)+16)) | H47: =IFERROR(IF(IFERROR(INDEX(Рецепты!$H$6:$H$85,MATCH(Меню!$D$7,Рецепты!$H$6:$H$85,0)+16)=Меню!$D$7,FALSE),INDEX(Рецепты!$L$6:$L$85,MATCH(Меню!$D$7,Рецепты!$H$6:$H$85,0)+16),0),0) -> 0 | I47: =IF($F47="","",Меню!$E$7) | J47: =IFERROR($H47*$I47,0) -> 0 | K47: =IFERROR($J47/100*INDEX(Продукты!$G$6:$G$66,MATCH($E47,Продукты!$A$6:$A$66,0)),0) -> 0 | L47: =IFERROR($J47/100*INDEX(Продукты!$H$6:$H$66,MATCH($E47,Продукты!$A$6:$A$66,0)),0) -> 0 | M47: =IFERROR($J47/100*INDEX(Продукты!$I$6:$I$66,MATCH($E47,Продукты!$A$6:$A$66,0)),0) -> 0 | N47: =IFERROR($J47/100*INDEX(Продукты!$J$6:$J$66,MATCH($E47,Продукты!$A$6:$A$66,0)),0) -> 0 | O47: =IFERROR(IF(IFERROR(INDEX(Рецепты!$H$6:$H$85,MATCH(Меню!$D$7,Рецепты!$H$6:$H$85,0)+16)=Меню!$D$7,FALSE),INDEX(Рецепты!$N$6:$N$85,MATCH(Меню!$D$7,Рецепты!$H$6:$H$85,0)+16),""),"")
A48: =IF($E48="","",Меню!$A$7) | B48: =IF($E48="","",Меню!$B$7) | C48: =IF($E48="","",Меню!$C$7) | D48: =IF($E48="","",Меню!$D$7) | E48: =IFERROR(IF(IFERROR(INDEX(Рецепты!$H$6:$H$85,MATCH(Меню!$D$7,Рецепты!$H$6:$H$85,0)+17)=Меню!$D$7,FALSE),INDEX(Рецепты!$J$6:$J$85,MATCH(Меню!$D$7,Рецепты!$H$6:$H$85,0)+17),""),"") | F48: =IF($E48="","",INDEX(Рецепты!$K$6:$K$85,MATCH(Меню!$D$7,Рецепты!$H$6:$H$85,0)+17)) | G48: =IF($E48="","",INDEX(Рецепты!$M$6:$M$85,MATCH(Меню!$D$7,Рецепты!$H$6:$H$85,0)+17)) | H48: =IFERROR(IF(IFERROR(INDEX(Рецепты!$H$6:$H$85,MATCH(Меню!$D$7,Рецепты!$H$6:$H$85,0)+17)=Меню!$D$7,FALSE),INDEX(Рецепты!$L$6:$L$85,MATCH(Меню!$D$7,Рецепты!$H$6:$H$85,0)+17),0),0) -> 0 | I48: =IF($F48="","",Меню!$E$7) | J48: =IFERROR($H48*$I48,0) -> 0 | K48: =IFERROR($J48/100*INDEX(Продукты!$G$6:$G$66,MATCH($E48,Продукты!$A$6:$A$66,0)),0) -> 0 | L48: =IFERROR($J48/100*INDEX(Продукты!$H$6:$H$66,MATCH($E48,Продукты!$A$6:$A$66,0)),0) -> 0 | M48: =IFERROR($J48/100*INDEX(Продукты!$I$6:$I$66,MATCH($E48,Продукты!$A$6:$A$66,0)),0) -> 0 | N48: =IFERROR($J48/100*INDEX(Продукты!$J$6:$J$66,MATCH($E48,Продукты!$A$6:$A$66,0)),0) -> 0 | O48: =IFERROR(IF(IFERROR(INDEX(Рецепты!$H$6:$H$85,MATCH(Меню!$D$7,Рецепты!$H$6:$H$85,0)+17)=Меню!$D$7,FALSE),INDEX(Рецепты!$N$6:$N$85,MATCH(Меню!$D$7,Рецепты!$H$6:$H$85,0)+17),""),"")
A49: =IF($E49="","",Меню!$A$7) | B49: =IF($E49="","",Меню!$B$7) | C49: =IF($E49="","",Меню!$C$7) | D49: =IF($E49="","",Меню!$D$7) | E49: =IFERROR(IF(IFERROR(INDEX(Рецепты!$H$6:$H$85,MATCH(Меню!$D$7,Рецепты!$H$6:$H$85,0)+18)=Меню!$D$7,FALSE),INDEX(Рецепты!$J$6:$J$85,MATCH(Меню!$D$7,Рецепты!$H$6:$H$85,0)+18),""),"") | F49: =IF($E49="","",INDEX(Рецепты!$K$6:$K$85,MATCH(Меню!$D$7,Рецепты!$H$6:$H$85,0)+18)) | G49: =IF($E49="","",INDEX(Рецепты!$M$6:$M$85,MATCH(Меню!$D$7,Рецепты!$H$6:$H$85,0)+18)) | H49: =IFERROR(IF(IFERROR(INDEX(Рецепты!$H$6:$H$85,MATCH(Меню!$D$7,Рецепты!$H$6:$H$85,0)+18)=Меню!$D$7,FALSE),INDEX(Рецепты!$L$6:$L$85,MATCH(Меню!$D$7,Рецепты!$H$6:$H$85,0)+18),0),0) -> 0 | I49: =IF($F49="","",Меню!$E$7) | J49: =IFERROR($H49*$I49,0) -> 0 | K49: =IFERROR($J49/100*INDEX(Продукты!$G$6:$G$66,MATCH($E49,Продукты!$A$6:$A$66,0)),0) -> 0 | L49: =IFERROR($J49/100*INDEX(Продукты!$H$6:$H$66,MATCH($E49,Продукты!$A$6:$A$66,0)),0) -> 0 | M49: =IFERROR($J49/100*INDEX(Продукты!$I$6:$I$66,MATCH($E49,Продукты!$A$6:$A$66,0)),0) -> 0 | N49: =IFERROR($J49/100*INDEX(Продукты!$J$6:$J$66,MATCH($E49,Продукты!$A$6:$A$66,0)),0) -> 0 | O49: =IFERROR(IF(IFERROR(INDEX(Рецепты!$H$6:$H$85,MATCH(Меню!$D$7,Рецепты!$H$6:$H$85,0)+18)=Меню!$D$7,FALSE),INDEX(Рецепты!$N$6:$N$85,MATCH(Меню!$D$7,Рецепты!$H$6:$H$85,0)+18),""),"")
A50: =IF($E50="","",Меню!$A$7) | B50: =IF($E50="","",Меню!$B$7) | C50: =IF($E50="","",Меню!$C$7) | D50: =IF($E50="","",Меню!$D$7) | E50: =IFERROR(IF(IFERROR(INDEX(Рецепты!$H$6:$H$85,MATCH(Меню!$D$7,Рецепты!$H$6:$H$85,0)+19)=Меню!$D$7,FALSE),INDEX(Рецепты!$J$6:$J$85,MATCH(Меню!$D$7,Рецепты!$H$6:$H$85,0)+19),""),"") | F50: =IF($E50="","",INDEX(Рецепты!$K$6:$K$85,MATCH(Меню!$D$7,Рецепты!$H$6:$H$85,0)+19)) | G50: =IF($E50="","",INDEX(Рецепты!$M$6:$M$85,MATCH(Меню!$D$7,Рецепты!$H$6:$H$85,0)+19)) | H50: =IFERROR(IF(IFERROR(INDEX(Рецепты!$H$6:$H$85,MATCH(Меню!$D$7,Рецепты!$H$6:$H$85,0)+19)=Меню!$D$7,FALSE),INDEX(Рецепты!$L$6:$L$85,MATCH(Меню!$D$7,Рецепты!$H$6:$H$85,0)+19),0),0) -> 0 | I50: =IF($F50="","",Меню!$E$7) | J50: =IFERROR($H50*$I50,0) -> 0 | K50: =IFERROR($J50/100*INDEX(Продукты!$G$6:$G$66,MATCH($E50,Продукты!$A$6:$A$66,0)),0) -> 0 | L50: =IFERROR($J50/100*INDEX(Продукты!$H$6:$H$66,MATCH($E50,Продукты!$A$6:$A$66,0)),0) -> 0 | M50: =IFERROR($J50/100*INDEX(Продукты!$I$6:$I$66,MATCH($E50,Продукты!$A$6:$A$66,0)),0) -> 0 | N50: =IFERROR($J50/100*INDEX(Продукты!$J$6:$J$66,MATCH($E50,Продукты!$A$6:$A$66,0)),0) -> 0 | O50: =IFERROR(IF(IFERROR(INDEX(Рецепты!$H$6:$H$85,MATCH(Меню!$D$7,Рецепты!$H$6:$H$85,0)+19)=Меню!$D$7,FALSE),INDEX(Рецепты!$N$6:$N$85,MATCH(Меню!$D$7,Рецепты!$H$6:$H$85,0)+19),""),"")
A51: =IF($E51="","",Меню!$A$7) | B51: =IF($E51="","",Меню!$B$7) | C51: =IF($E51="","",Меню!$C$7) | D51: =IF($E51="","",Меню!$D$7) | E51: =IFERROR(IF(IFERROR(INDEX(Рецепты!$H$6:$H$85,MATCH(Меню!$D$7,Рецепты!$H$6:$H$85,0)+20)=Меню!$D$7,FALSE),INDEX(Рецепты!$J$6:$J$85,MATCH(Меню!$D$7,Рецепты!$H$6:$H$85,0)+20),""),"") | F51: =IF($E51="","",INDEX(Рецепты!$K$6:$K$85,MATCH(Меню!$D$7,Рецепты!$H$6:$H$85,0)+20)) | G51: =IF($E51="","",INDEX(Рецепты!$M$6:$M$85,MATCH(Меню!$D$7,Рецепты!$H$6:$H$85,0)+20)) | H51: =IFERROR(IF(IFERROR(INDEX(Рецепты!$H$6:$H$85,MATCH(Меню!$D$7,Рецепты!$H$6:$H$85,0)+20)=Меню!$D$7,FALSE),INDEX(Рецепты!$L$6:$L$85,MATCH(Меню!$D$7,Рецепты!$H$6:$H$85,0)+20),0),0) -> 0 | I51: =IF($F51="","",Меню!$E$7) | J51: =IFERROR($H51*$I51,0) -> 0 | K51: =IFERROR($J51/100*INDEX(Продукты!$G$6:$G$66,MATCH($E51,Продукты!$A$6:$A$66,0)),0) -> 0 | L51: =IFERROR($J51/100*INDEX(Продукты!$H$6:$H$66,MATCH($E51,Продукты!$A$6:$A$66,0)),0) -> 0 | M51: =IFERROR($J51/100*INDEX(Продукты!$I$6:$I$66,MATCH($E51,Продукты!$A$6:$A$66,0)),0) -> 0 | N51: =IFERROR($J51/100*INDEX(Продукты!$J$6:$J$66,MATCH($E51,Продукты!$A$6:$A$66,0)),0) -> 0 | O51: =IFERROR(IF(IFERROR(INDEX(Рецепты!$H$6:$H$85,MATCH(Меню!$D$7,Рецепты!$H$6:$H$85,0)+20)=Меню!$D$7,FALSE),INDEX(Рецепты!$N$6:$N$85,MATCH(Меню!$D$7,Рецепты!$H$6:$H$85,0)+20),""),"")
A52: =IF($E52="","",Меню!$A$7) | B52: =IF($E52="","",Меню!$B$7) | C52: =IF($E52="","",Меню!$C$7) | D52: =IF($E52="","",Меню!$D$7) | E52: =IFERROR(IF(IFERROR(INDEX(Рецепты!$H$6:$H$85,MATCH(Меню!$D$7,Рецепты!$H$6:$H$85,0)+21)=Меню!$D$7,FALSE),INDEX(Рецепты!$J$6:$J$85,MATCH(Меню!$D$7,Рецепты!$H$6:$H$85,0)+21),""),"") | F52: =IF($E52="","",INDEX(Рецепты!$K$6:$K$85,MATCH(Меню!$D$7,Рецепты!$H$6:$H$85,0)+21)) | G52: =IF($E52="","",INDEX(Рецепты!$M$6:$M$85,MATCH(Меню!$D$7,Рецепты!$H$6:$H$85,0)+21)) | H52: =IFERROR(IF(IFERROR(INDEX(Рецепты!$H$6:$H$85,MATCH(Меню!$D$7,Рецепты!$H$6:$H$85,0)+21)=Меню!$D$7,FALSE),INDEX(Рецепты!$L$6:$L$85,MATCH(Меню!$D$7,Рецепты!$H$6:$H$85,0)+21),0),0) -> 0 | I52: =IF($F52="","",Меню!$E$7) | J52: =IFERROR($H52*$I52,0) -> 0 | K52: =IFERROR($J52/100*INDEX(Продукты!$G$6:$G$66,MATCH($E52,Продукты!$A$6:$A$66,0)),0) -> 0 | L52: =IFERROR($J52/100*INDEX(Продукты!$H$6:$H$66,MATCH($E52,Продукты!$A$6:$A$66,0)),0) -> 0 | M52: =IFERROR($J52/100*INDEX(Продукты!$I$6:$I$66,MATCH($E52,Продукты!$A$6:$A$66,0)),0) -> 0 | N52: =IFERROR($J52/100*INDEX(Продукты!$J$6:$J$66,MATCH($E52,Продукты!$A$6:$A$66,0)),0) -> 0 | O52: =IFERROR(IF(IFERROR(INDEX(Рецепты!$H$6:$H$85,MATCH(Меню!$D$7,Рецепты!$H$6:$H$85,0)+21)=Меню!$D$7,FALSE),INDEX(Рецепты!$N$6:$N$85,MATCH(Меню!$D$7,Рецепты!$H$6:$H$85,0)+21),""),"")
A53: =IF($E53="","",Меню!$A$7) | B53: =IF($E53="","",Меню!$B$7) | C53: =IF($E53="","",Меню!$C$7) | D53: =IF($E53="","",Меню!$D$7) | E53: =IFERROR(IF(IFERROR(INDEX(Рецепты!$H$6:$H$85,MATCH(Меню!$D$7,Рецепты!$H$6:$H$85,0)+22)=Меню!$D$7,FALSE),INDEX(Рецепты!$J$6:$J$85,MATCH(Меню!$D$7,Рецепты!$H$6:$H$85,0)+22),""),"") | F53: =IF($E53="","",INDEX(Рецепты!$K$6:$K$85,MATCH(Меню!$D$7,Рецепты!$H$6:$H$85,0)+22)) | G53: =IF($E53="","",INDEX(Рецепты!$M$6:$M$85,MATCH(Меню!$D$7,Рецепты!$H$6:$H$85,0)+22)) | H53: =IFERROR(IF(IFERROR(INDEX(Рецепты!$H$6:$H$85,MATCH(Меню!$D$7,Рецепты!$H$6:$H$85,0)+22)=Меню!$D$7,FALSE),INDEX(Рецепты!$L$6:$L$85,MATCH(Меню!$D$7,Рецепты!$H$6:$H$85,0)+22),0),0) -> 0 | I53: =IF($F53="","",Меню!$E$7) | J53: =IFERROR($H53*$I53,0) -> 0 | K53: =IFERROR($J53/100*INDEX(Продукты!$G$6:$G$66,MATCH($E53,Продукты!$A$6:$A$66,0)),0) -> 0 | L53: =IFERROR($J53/100*INDEX(Продукты!$H$6:$H$66,MATCH($E53,Продукты!$A$6:$A$66,0)),0) -> 0 | M53: =IFERROR($J53/100*INDEX(Продукты!$I$6:$I$66,MATCH($E53,Продукты!$A$6:$A$66,0)),0) -> 0 | N53: =IFERROR($J53/100*INDEX(Продукты!$J$6:$J$66,MATCH($E53,Продукты!$A$6:$A$66,0)),0) -> 0 | O53: =IFERROR(IF(IFERROR(INDEX(Рецепты!$H$6:$H$85,MATCH(Меню!$D$7,Рецепты!$H$6:$H$85,0)+22)=Меню!$D$7,FALSE),INDEX(Рецепты!$N$6:$N$85,MATCH(Меню!$D$7,Рецепты!$H$6:$H$85,0)+22),""),"")
A54: =IF($E54="","",Меню!$A$7) | B54: =IF($E54="","",Меню!$B$7) | C54: =IF($E54="","",Меню!$C$7) | D54: =IF($E54="","",Меню!$D$7) | E54: =IFERROR(IF(IFERROR(INDEX(Рецепты!$H$6:$H$85,MATCH(Меню!$D$7,Рецепты!$H$6:$H$85,0)+23)=Меню!$D$7,FALSE),INDEX(Рецепты!$J$6:$J$85,MATCH(Меню!$D$7,Рецепты!$H$6:$H$85,0)+23),""),"") | F54: =IF($E54="","",INDEX(Рецепты!$K$6:$K$85,MATCH(Меню!$D$7,Рецепты!$H$6:$H$85,0)+23)) | G54: =IF($E54="","",INDEX(Рецепты!$M$6:$M$85,MATCH(Меню!$D$7,Рецепты!$H$6:$H$85,0)+23)) | H54: =IFERROR(IF(IFERROR(INDEX(Рецепты!$H$6:$H$85,MATCH(Меню!$D$7,Рецепты!$H$6:$H$85,0)+23)=Меню!$D$7,FALSE),INDEX(Рецепты!$L$6:$L$85,MATCH(Меню!$D$7,Рецепты!$H$6:$H$85,0)+23),0),0) -> 0 | I54: =IF($F54="","",Меню!$E$7) | J54: =IFERROR($H54*$I54,0) -> 0 | K54: =IFERROR($J54/100*INDEX(Продукты!$G$6:$G$66,MATCH($E54,Продукты!$A$6:$A$66,0)),0) -> 0 | L54: =IFERROR($J54/100*INDEX(Продукты!$H$6:$H$66,MATCH($E54,Продукты!$A$6:$A$66,0)),0) -> 0 | M54: =IFERROR($J54/100*INDEX(Продукты!$I$6:$I$66,MATCH($E54,Продукты!$A$6:$A$66,0)),0) -> 0 | N54: =IFERROR($J54/100*INDEX(Продукты!$J$6:$J$66,MATCH($E54,Продукты!$A$6:$A$66,0)),0) -> 0 | O54: =IFERROR(IF(IFERROR(INDEX(Рецепты!$H$6:$H$85,MATCH(Меню!$D$7,Рецепты!$H$6:$H$85,0)+23)=Меню!$D$7,FALSE),INDEX(Рецепты!$N$6:$N$85,MATCH(Меню!$D$7,Рецепты!$H$6:$H$85,0)+23),""),"")
A55: =IF($E55="","",Меню!$A$7) | B55: =IF($E55="","",Меню!$B$7) | C55: =IF($E55="","",Меню!$C$7) | D55: =IF($E55="","",Меню!$D$7) | E55: =IFERROR(IF(IFERROR(INDEX(Рецепты!$H$6:$H$85,MATCH(Меню!$D$7,Рецепты!$H$6:$H$85,0)+24)=Меню!$D$7,FALSE),INDEX(Рецепты!$J$6:$J$85,MATCH(Меню!$D$7,Рецепты!$H$6:$H$85,0)+24),""),"") | F55: =IF($E55="","",INDEX(Рецепты!$K$6:$K$85,MATCH(Меню!$D$7,Рецепты!$H$6:$H$85,0)+24)) | G55: =IF($E55="","",INDEX(Рецепты!$M$6:$M$85,MATCH(Меню!$D$7,Рецепты!$H$6:$H$85,0)+24)) | H55: =IFERROR(IF(IFERROR(INDEX(Рецепты!$H$6:$H$85,MATCH(Меню!$D$7,Рецепты!$H$6:$H$85,0)+24)=Меню!$D$7,FALSE),INDEX(Рецепты!$L$6:$L$85,MATCH(Меню!$D$7,Рецепты!$H$6:$H$85,0)+24),0),0) -> 0 | I55: =IF($F55="","",Меню!$E$7) | J55: =IFERROR($H55*$I55,0) -> 0 | K55: =IFERROR($J55/100*INDEX(Продукты!$G$6:$G$66,MATCH($E55,Продукты!$A$6:$A$66,0)),0) -> 0 | L55: =IFERROR($J55/100*INDEX(Продукты!$H$6:$H$66,MATCH($E55,Продукты!$A$6:$A$66,0)),0) -> 0 | M55: =IFERROR($J55/100*INDEX(Продукты!$I$6:$I$66,MATCH($E55,Продукты!$A$6:$A$66,0)),0) -> 0 | N55: =IFERROR($J55/100*INDEX(Продукты!$J$6:$J$66,MATCH($E55,Продукты!$A$6:$A$66,0)),0) -> 0 | O55: =IFERROR(IF(IFERROR(INDEX(Рецепты!$H$6:$H$85,MATCH(Меню!$D$7,Рецепты!$H$6:$H$85,0)+24)=Меню!$D$7,FALSE),INDEX(Рецепты!$N$6:$N$85,MATCH(Меню!$D$7,Рецепты!$H$6:$H$85,0)+24),""),"")
A56: =IF($E56="","",Меню!$A$8) | B56: =IF($E56="","",Меню!$B$8) | C56: =IF($E56="","",Меню!$C$8) | D56: =IF($E56="","",Меню!$D$8) | E56: =IFERROR(IF(IFERROR(INDEX(Рецепты!$H$6:$H$85,MATCH(Меню!$D$8,Рецепты!$H$6:$H$85,0)+0)=Меню!$D$8,FALSE),INDEX(Рецепты!$J$6:$J$85,MATCH(Меню!$D$8,Рецепты!$H$6:$H$85,0)+0),""),"") | F56: =IF($E56="","",INDEX(Рецепты!$K$6:$K$85,MATCH(Меню!$D$8,Рецепты!$H$6:$H$85,0)+0)) | G56: =IF($E56="","",INDEX(Рецепты!$M$6:$M$85,MATCH(Меню!$D$8,Рецепты!$H$6:$H$85,0)+0)) | H56: =IFERROR(IF(IFERROR(INDEX(Рецепты!$H$6:$H$85,MATCH(Меню!$D$8,Рецепты!$H$6:$H$85,0)+0)=Меню!$D$8,FALSE),INDEX(Рецепты!$L$6:$L$85,MATCH(Меню!$D$8,Рецепты!$H$6:$H$85,0)+0),0),0) -> 0 | I56: =IF($F56="","",Меню!$E$8) | J56: =IFERROR($H56*$I56,0) -> 0 | K56: =IFERROR($J56/100*INDEX(Продукты!$G$6:$G$66,MATCH($E56,Продукты!$A$6:$A$66,0)),0) -> 0 | L56: =IFERROR($J56/100*INDEX(Продукты!$H$6:$H$66,MATCH($E56,Продукты!$A$6:$A$66,0)),0) -> 0 | M56: =IFERROR($J56/100*INDEX(Продукты!$I$6:$I$66,MATCH($E56,Продукты!$A$6:$A$66,0)),0) -> 0 | N56: =IFERROR($J56/100*INDEX(Продукты!$J$6:$J$66,MATCH($E56,Продукты!$A$6:$A$66,0)),0) -> 0 | O56: =IFERROR(IF(IFERROR(INDEX(Рецепты!$H$6:$H$85,MATCH(Меню!$D$8,Рецепты!$H$6:$H$85,0)+0)=Меню!$D$8,FALSE),INDEX(Рецепты!$N$6:$N$85,MATCH(Меню!$D$8,Рецепты!$H$6:$H$85,0)+0),""),"")
A57: =IF($E57="","",Меню!$A$8) | B57: =IF($E57="","",Меню!$B$8) | C57: =IF($E57="","",Меню!$C$8) | D57: =IF($E57="","",Меню!$D$8) | E57: =IFERROR(IF(IFERROR(INDEX(Рецепты!$H$6:$H$85,MATCH(Меню!$D$8,Рецепты!$H$6:$H$85,0)+1)=Меню!$D$8,FALSE),INDEX(Рецепты!$J$6:$J$85,MATCH(Меню!$D$8,Рецепты!$H$6:$H$85,0)+1),""),"") | F57: =IF($E57="","",INDEX(Рецепты!$K$6:$K$85,MATCH(Меню!$D$8,Рецепты!$H$6:$H$85,0)+1)) | G57: =IF($E57="","",INDEX(Рецепты!$M$6:$M$85,MATCH(Меню!$D$8,Рецепты!$H$6:$H$85,0)+1)) | H57: =IFERROR(IF(IFERROR(INDEX(Рецепты!$H$6:$H$85,MATCH(Меню!$D$8,Рецепты!$H$6:$H$85,0)+1)=Меню!$D$8,FALSE),INDEX(Рецепты!$L$6:$L$85,MATCH(Меню!$D$8,Рецепты!$H$6:$H$85,0)+1),0),0) -> 0 | I57: =IF($F57="","",Меню!$E$8) | J57: =IFERROR($H57*$I57,0) -> 0 | K57: =IFERROR($J57/100*INDEX(Продукты!$G$6:$G$66,MATCH($E57,Продукты!$A$6:$A$66,0)),0) -> 0 | L57: =IFERROR($J57/100*INDEX(Продукты!$H$6:$H$66,MATCH($E57,Продукты!$A$6:$A$66,0)),0) -> 0 | M57: =IFERROR($J57/100*INDEX(Продукты!$I$6:$I$66,MATCH($E57,Продукты!$A$6:$A$66,0)),0) -> 0 | N57: =IFERROR($J57/100*INDEX(Продукты!$J$6:$J$66,MATCH($E57,Продукты!$A$6:$A$66,0)),0) -> 0 | O57: =IFERROR(IF(IFERROR(INDEX(Рецепты!$H$6:$H$85,MATCH(Меню!$D$8,Рецепты!$H$6:$H$85,0)+1)=Меню!$D$8,FALSE),INDEX(Рецепты!$N$6:$N$85,MATCH(Меню!$D$8,Рецепты!$H$6:$H$85,0)+1),""),"")
A58: =IF($E58="","",Меню!$A$8) | B58: =IF($E58="","",Меню!$B$8) | C58: =IF($E58="","",Меню!$C$8) | D58: =IF($E58="","",Меню!$D$8) | E58: =IFERROR(IF(IFERROR(INDEX(Рецепты!$H$6:$H$85,MATCH(Меню!$D$8,Рецепты!$H$6:$H$85,0)+2)=Меню!$D$8,FALSE),INDEX(Рецепты!$J$6:$J$85,MATCH(Меню!$D$8,Рецепты!$H$6:$H$85,0)+2),""),"") | F58: =IF($E58="","",INDEX(Рецепты!$K$6:$K$85,MATCH(Меню!$D$8,Рецепты!$H$6:$H$85,0)+2)) | G58: =IF($E58="","",INDEX(Рецепты!$M$6:$M$85,MATCH(Меню!$D$8,Рецепты!$H$6:$H$85,0)+2)) | H58: =IFERROR(IF(IFERROR(INDEX(Рецепты!$H$6:$H$85,MATCH(Меню!$D$8,Рецепты!$H$6:$H$85,0)+2)=Меню!$D$8,FALSE),INDEX(Рецепты!$L$6:$L$85,MATCH(Меню!$D$8,Рецепты!$H$6:$H$85,0)+2),0),0) -> 0 | I58: =IF($F58="","",Меню!$E$8) | J58: =IFERROR($H58*$I58,0) -> 0 | K58: =IFERROR($J58/100*INDEX(Продукты!$G$6:$G$66,MATCH($E58,Продукты!$A$6:$A$66,0)),0) -> 0 | L58: =IFERROR($J58/100*INDEX(Продукты!$H$6:$H$66,MATCH($E58,Продукты!$A$6:$A$66,0)),0) -> 0 | M58: =IFERROR($J58/100*INDEX(Продукты!$I$6:$I$66,MATCH($E58,Продукты!$A$6:$A$66,0)),0) -> 0 | N58: =IFERROR($J58/100*INDEX(Продукты!$J$6:$J$66,MATCH($E58,Продукты!$A$6:$A$66,0)),0) -> 0 | O58: =IFERROR(IF(IFERROR(INDEX(Рецепты!$H$6:$H$85,MATCH(Меню!$D$8,Рецепты!$H$6:$H$85,0)+2)=Меню!$D$8,FALSE),INDEX(Рецепты!$N$6:$N$85,MATCH(Меню!$D$8,Рецепты!$H$6:$H$85,0)+2),""),"")
A59: =IF($E59="","",Меню!$A$8) | B59: =IF($E59="","",Меню!$B$8) | C59: =IF($E59="","",Меню!$C$8) | D59: =IF($E59="","",Меню!$D$8) | E59: =IFERROR(IF(IFERROR(INDEX(Рецепты!$H$6:$H$85,MATCH(Меню!$D$8,Рецепты!$H$6:$H$85,0)+3)=Меню!$D$8,FALSE),INDEX(Рецепты!$J$6:$J$85,MATCH(Меню!$D$8,Рецепты!$H$6:$H$85,0)+3),""),"") | F59: =IF($E59="","",INDEX(Рецепты!$K$6:$K$85,MATCH(Меню!$D$8,Рецепты!$H$6:$H$85,0)+3)) | G59: =IF($E59="","",INDEX(Рецепты!$M$6:$M$85,MATCH(Меню!$D$8,Рецепты!$H$6:$H$85,0)+3)) | H59: =IFERROR(IF(IFERROR(INDEX(Рецепты!$H$6:$H$85,MATCH(Меню!$D$8,Рецепты!$H$6:$H$85,0)+3)=Меню!$D$8,FALSE),INDEX(Рецепты!$L$6:$L$85,MATCH(Меню!$D$8,Рецепты!$H$6:$H$85,0)+3),0),0) -> 0 | I59: =IF($F59="","",Меню!$E$8) | J59: =IFERROR($H59*$I59,0) -> 0 | K59: =IFERROR($J59/100*INDEX(Продукты!$G$6:$G$66,MATCH($E59,Продукты!$A$6:$A$66,0)),0) -> 0 | L59: =IFERROR($J59/100*INDEX(Продукты!$H$6:$H$66,MATCH($E59,Продукты!$A$6:$A$66,0)),0) -> 0 | M59: =IFERROR($J59/100*INDEX(Продукты!$I$6:$I$66,MATCH($E59,Продукты!$A$6:$A$66,0)),0) -> 0 | N59: =IFERROR($J59/100*INDEX(Продукты!$J$6:$J$66,MATCH($E59,Продукты!$A$6:$A$66,0)),0) -> 0 | O59: =IFERROR(IF(IFERROR(INDEX(Рецепты!$H$6:$H$85,MATCH(Меню!$D$8,Рецепты!$H$6:$H$85,0)+3)=Меню!$D$8,FALSE),INDEX(Рецепты!$N$6:$N$85,MATCH(Меню!$D$8,Рецепты!$H$6:$H$85,0)+3),""),"")
A60: =IF($E60="","",Меню!$A$8) | B60: =IF($E60="","",Меню!$B$8) | C60: =IF($E60="","",Меню!$C$8) | D60: =IF($E60="","",Меню!$D$8) | E60: =IFERROR(IF(IFERROR(INDEX(Рецепты!$H$6:$H$85,MATCH(Меню!$D$8,Рецепты!$H$6:$H$85,0)+4)=Меню!$D$8,FALSE),INDEX(Рецепты!$J$6:$J$85,MATCH(Меню!$D$8,Рецепты!$H$6:$H$85,0)+4),""),"") | F60: =IF($E60="","",INDEX(Рецепты!$K$6:$K$85,MATCH(Меню!$D$8,Рецепты!$H$6:$H$85,0)+4)) | G60: =IF($E60="","",INDEX(Рецепты!$M$6:$M$85,MATCH(Меню!$D$8,Рецепты!$H$6:$H$85,0)+4)) | H60: =IFERROR(IF(IFERROR(INDEX(Рецепты!$H$6:$H$85,MATCH(Меню!$D$8,Рецепты!$H$6:$H$85,0)+4)=Меню!$D$8,FALSE),INDEX(Рецепты!$L$6:$L$85,MATCH(Меню!$D$8,Рецепты!$H$6:$H$85,0)+4),0),0) -> 0 | I60: =IF($F60="","",Меню!$E$8) | J60: =IFERROR($H60*$I60,0) -> 0 | K60: =IFERROR($J60/100*INDEX(Продукты!$G$6:$G$66,MATCH($E60,Продукты!$A$6:$A$66,0)),0) -> 0 | L60: =IFERROR($J60/100*INDEX(Продукты!$H$6:$H$66,MATCH($E60,Продукты!$A$6:$A$66,0)),0) -> 0 | M60: =IFERROR($J60/100*INDEX(Продукты!$I$6:$I$66,MATCH($E60,Продукты!$A$6:$A$66,0)),0) -> 0 | N60: =IFERROR($J60/100*INDEX(Продукты!$J$6:$J$66,MATCH($E60,Продукты!$A$6:$A$66,0)),0) -> 0 | O60: =IFERROR(IF(IFERROR(INDEX(Рецепты!$H$6:$H$85,MATCH(Меню!$D$8,Рецепты!$H$6:$H$85,0)+4)=Меню!$D$8,FALSE),INDEX(Рецепты!$N$6:$N$85,MATCH(Меню!$D$8,Рецепты!$H$6:$H$85,0)+4),""),"")
A61: =IF($E61="","",Меню!$A$8) | B61: =IF($E61="","",Меню!$B$8) | C61: =IF($E61="","",Меню!$C$8) | D61: =IF($E61="","",Меню!$D$8) | E61: =IFERROR(IF(IFERROR(INDEX(Рецепты!$H$6:$H$85,MATCH(Меню!$D$8,Рецепты!$H$6:$H$85,0)+5)=Меню!$D$8,FALSE),INDEX(Рецепты!$J$6:$J$85,MATCH(Меню!$D$8,Рецепты!$H$6:$H$85,0)+5),""),"") | F61: =IF($E61="","",INDEX(Рецепты!$K$6:$K$85,MATCH(Меню!$D$8,Рецепты!$H$6:$H$85,0)+5)) | G61: =IF($E61="","",INDEX(Рецепты!$M$6:$M$85,MATCH(Меню!$D$8,Рецепты!$H$6:$H$85,0)+5)) | H61: =IFERROR(IF(IFERROR(INDEX(Рецепты!$H$6:$H$85,MATCH(Меню!$D$8,Рецепты!$H$6:$H$85,0)+5)=Меню!$D$8,FALSE),INDEX(Рецепты!$L$6:$L$85,MATCH(Меню!$D$8,Рецепты!$H$6:$H$85,0)+5),0),0) -> 0 | I61: =IF($F61="","",Меню!$E$8) | J61: =IFERROR($H61*$I61,0) -> 0 | K61: =IFERROR($J61/100*INDEX(Продукты!$G$6:$G$66,MATCH($E61,Продукты!$A$6:$A$66,0)),0) -> 0 | L61: =IFERROR($J61/100*INDEX(Продукты!$H$6:$H$66,MATCH($E61,Продукты!$A$6:$A$66,0)),0) -> 0 | M61: =IFERROR($J61/100*INDEX(Продукты!$I$6:$I$66,MATCH($E61,Продукты!$A$6:$A$66,0)),0) -> 0 | N61: =IFERROR($J61/100*INDEX(Продукты!$J$6:$J$66,MATCH($E61,Продукты!$A$6:$A$66,0)),0) -> 0 | O61: =IFERROR(IF(IFERROR(INDEX(Рецепты!$H$6:$H$85,MATCH(Меню!$D$8,Рецепты!$H$6:$H$85,0)+5)=Меню!$D$8,FALSE),INDEX(Рецепты!$N$6:$N$85,MATCH(Меню!$D$8,Рецепты!$H$6:$H$85,0)+5),""),"")
A62: =IF($E62="","",Меню!$A$8) | B62: =IF($E62="","",Меню!$B$8) | C62: =IF($E62="","",Меню!$C$8) | D62: =IF($E62="","",Меню!$D$8) | E62: =IFERROR(IF(IFERROR(INDEX(Рецепты!$H$6:$H$85,MATCH(Меню!$D$8,Рецепты!$H$6:$H$85,0)+6)=Меню!$D$8,FALSE),INDEX(Рецепты!$J$6:$J$85,MATCH(Меню!$D$8,Рецепты!$H$6:$H$85,0)+6),""),"") | F62: =IF($E62="","",INDEX(Рецепты!$K$6:$K$85,MATCH(Меню!$D$8,Рецепты!$H$6:$H$85,0)+6)) | G62: =IF($E62="","",INDEX(Рецепты!$M$6:$M$85,MATCH(Меню!$D$8,Рецепты!$H$6:$H$85,0)+6)) | H62: =IFERROR(IF(IFERROR(INDEX(Рецепты!$H$6:$H$85,MATCH(Меню!$D$8,Рецепты!$H$6:$H$85,0)+6)=Меню!$D$8,FALSE),INDEX(Рецепты!$L$6:$L$85,MATCH(Меню!$D$8,Рецепты!$H$6:$H$85,0)+6),0),0) -> 0 | I62: =IF($F62="","",Меню!$E$8) | J62: =IFERROR($H62*$I62,0) -> 0 | K62: =IFERROR($J62/100*INDEX(Продукты!$G$6:$G$66,MATCH($E62,Продукты!$A$6:$A$66,0)),0) -> 0 | L62: =IFERROR($J62/100*INDEX(Продукты!$H$6:$H$66,MATCH($E62,Продукты!$A$6:$A$66,0)),0) -> 0 | M62: =IFERROR($J62/100*INDEX(Продукты!$I$6:$I$66,MATCH($E62,Продукты!$A$6:$A$66,0)),0) -> 0 | N62: =IFERROR($J62/100*INDEX(Продукты!$J$6:$J$66,MATCH($E62,Продукты!$A$6:$A$66,0)),0) -> 0 | O62: =IFERROR(IF(IFERROR(INDEX(Рецепты!$H$6:$H$85,MATCH(Меню!$D$8,Рецепты!$H$6:$H$85,0)+6)=Меню!$D$8,FALSE),INDEX(Рецепты!$N$6:$N$85,MATCH(Меню!$D$8,Рецепты!$H$6:$H$85,0)+6),""),"")
A63: =IF($E63="","",Меню!$A$8) | B63: =IF($E63="","",Меню!$B$8) | C63: =IF($E63="","",Меню!$C$8) | D63: =IF($E63="","",Меню!$D$8) | E63: =IFERROR(IF(IFERROR(INDEX(Рецепты!$H$6:$H$85,MATCH(Меню!$D$8,Рецепты!$H$6:$H$85,0)+7)=Меню!$D$8,FALSE),INDEX(Рецепты!$J$6:$J$85,MATCH(Меню!$D$8,Рецепты!$H$6:$H$85,0)+7),""),"") | F63: =IF($E63="","",INDEX(Рецепты!$K$6:$K$85,MATCH(Меню!$D$8,Рецепты!$H$6:$H$85,0)+7)) | G63: =IF($E63="","",INDEX(Рецепты!$M$6:$M$85,MATCH(Меню!$D$8,Рецепты!$H$6:$H$85,0)+7)) | H63: =IFERROR(IF(IFERROR(INDEX(Рецепты!$H$6:$H$85,MATCH(Меню!$D$8,Рецепты!$H$6:$H$85,0)+7)=Меню!$D$8,FALSE),INDEX(Рецепты!$L$6:$L$85,MATCH(Меню!$D$8,Рецепты!$H$6:$H$85,0)+7),0),0) -> 0 | I63: =IF($F63="","",Меню!$E$8) | J63: =IFERROR($H63*$I63,0) -> 0 | K63: =IFERROR($J63/100*INDEX(Продукты!$G$6:$G$66,MATCH($E63,Продукты!$A$6:$A$66,0)),0) -> 0 | L63: =IFERROR($J63/100*INDEX(Продукты!$H$6:$H$66,MATCH($E63,Продукты!$A$6:$A$66,0)),0) -> 0 | M63: =IFERROR($J63/100*INDEX(Продукты!$I$6:$I$66,MATCH($E63,Продукты!$A$6:$A$66,0)),0) -> 0 | N63: =IFERROR($J63/100*INDEX(Продукты!$J$6:$J$66,MATCH($E63,Продукты!$A$6:$A$66,0)),0) -> 0 | O63: =IFERROR(IF(IFERROR(INDEX(Рецепты!$H$6:$H$85,MATCH(Меню!$D$8,Рецепты!$H$6:$H$85,0)+7)=Меню!$D$8,FALSE),INDEX(Рецепты!$N$6:$N$85,MATCH(Меню!$D$8,Рецепты!$H$6:$H$85,0)+7),""),"")
A64: =IF($E64="","",Меню!$A$8) | B64: =IF($E64="","",Меню!$B$8) | C64: =IF($E64="","",Меню!$C$8) | D64: =IF($E64="","",Меню!$D$8) | E64: =IFERROR(IF(IFERROR(INDEX(Рецепты!$H$6:$H$85,MATCH(Меню!$D$8,Рецепты!$H$6:$H$85,0)+8)=Меню!$D$8,FALSE),INDEX(Рецепты!$J$6:$J$85,MATCH(Меню!$D$8,Рецепты!$H$6:$H$85,0)+8),""),"") | F64: =IF($E64="","",INDEX(Рецепты!$K$6:$K$85,MATCH(Меню!$D$8,Рецепты!$H$6:$H$85,0)+8)) | G64: =IF($E64="","",INDEX(Рецепты!$M$6:$M$85,MATCH(Меню!$D$8,Рецепты!$H$6:$H$85,0)+8)) | H64: =IFERROR(IF(IFERROR(INDEX(Рецепты!$H$6:$H$85,MATCH(Меню!$D$8,Рецепты!$H$6:$H$85,0)+8)=Меню!$D$8,FALSE),INDEX(Рецепты!$L$6:$L$85,MATCH(Меню!$D$8,Рецепты!$H$6:$H$85,0)+8),0),0) -> 0 | I64: =IF($F64="","",Меню!$E$8) | J64: =IFERROR($H64*$I64,0) -> 0 | K64: =IFERROR($J64/100*INDEX(Продукты!$G$6:$G$66,MATCH($E64,Продукты!$A$6:$A$66,0)),0) -> 0 | L64: =IFERROR($J64/100*INDEX(Продукты!$H$6:$H$66,MATCH($E64,Продукты!$A$6:$A$66,0)),0) -> 0 | M64: =IFERROR($J64/100*INDEX(Продукты!$I$6:$I$66,MATCH($E64,Продукты!$A$6:$A$66,0)),0) -> 0 | N64: =IFERROR($J64/100*INDEX(Продукты!$J$6:$J$66,MATCH($E64,Продукты!$A$6:$A$66,0)),0) -> 0 | O64: =IFERROR(IF(IFERROR(INDEX(Рецепты!$H$6:$H$85,MATCH(Меню!$D$8,Рецепты!$H$6:$H$85,0)+8)=Меню!$D$8,FALSE),INDEX(Рецепты!$N$6:$N$85,MATCH(Меню!$D$8,Рецепты!$H$6:$H$85,0)+8),""),"")
A65: =IF($E65="","",Меню!$A$8) | B65: =IF($E65="","",Меню!$B$8) | C65: =IF($E65="","",Меню!$C$8) | D65: =IF($E65="","",Меню!$D$8) | E65: =IFERROR(IF(IFERROR(INDEX(Рецепты!$H$6:$H$85,MATCH(Меню!$D$8,Рецепты!$H$6:$H$85,0)+9)=Меню!$D$8,FALSE),INDEX(Рецепты!$J$6:$J$85,MATCH(Меню!$D$8,Рецепты!$H$6:$H$85,0)+9),""),"") | F65: =IF($E65="","",INDEX(Рецепты!$K$6:$K$85,MATCH(Меню!$D$8,Рецепты!$H$6:$H$85,0)+9)) | G65: =IF($E65="","",INDEX(Рецепты!$M$6:$M$85,MATCH(Меню!$D$8,Рецепты!$H$6:$H$85,0)+9)) | H65: =IFERROR(IF(IFERROR(INDEX(Рецепты!$H$6:$H$85,MATCH(Меню!$D$8,Рецепты!$H$6:$H$85,0)+9)=Меню!$D$8,FALSE),INDEX(Рецепты!$L$6:$L$85,MATCH(Меню!$D$8,Рецепты!$H$6:$H$85,0)+9),0),0) -> 0 | I65: =IF($F65="","",Меню!$E$8) | J65: =IFERROR($H65*$I65,0) -> 0 | K65: =IFERROR($J65/100*INDEX(Продукты!$G$6:$G$66,MATCH($E65,Продукты!$A$6:$A$66,0)),0) -> 0 | L65: =IFERROR($J65/100*INDEX(Продукты!$H$6:$H$66,MATCH($E65,Продукты!$A$6:$A$66,0)),0) -> 0 | M65: =IFERROR($J65/100*INDEX(Продукты!$I$6:$I$66,MATCH($E65,Продукты!$A$6:$A$66,0)),0) -> 0 | N65: =IFERROR($J65/100*INDEX(Продукты!$J$6:$J$66,MATCH($E65,Продукты!$A$6:$A$66,0)),0) -> 0 | O65: =IFERROR(IF(IFERROR(INDEX(Рецепты!$H$6:$H$85,MATCH(Меню!$D$8,Рецепты!$H$6:$H$85,0)+9)=Меню!$D$8,FALSE),INDEX(Рецепты!$N$6:$N$85,MATCH(Меню!$D$8,Рецепты!$H$6:$H$85,0)+9),""),"")
A66: =IF($E66="","",Меню!$A$8) | B66: =IF($E66="","",Меню!$B$8) | C66: =IF($E66="","",Меню!$C$8) | D66: =IF($E66="","",Меню!$D$8) | E66: =IFERROR(IF(IFERROR(INDEX(Рецепты!$H$6:$H$85,MATCH(Меню!$D$8,Рецепты!$H$6:$H$85,0)+10)=Меню!$D$8,FALSE),INDEX(Рецепты!$J$6:$J$85,MATCH(Меню!$D$8,Рецепты!$H$6:$H$85,0)+10),""),"") | F66: =IF($E66="","",INDEX(Рецепты!$K$6:$K$85,MATCH(Меню!$D$8,Рецепты!$H$6:$H$85,0)+10)) | G66: =IF($E66="","",INDEX(Рецепты!$M$6:$M$85,MATCH(Меню!$D$8,Рецепты!$H$6:$H$85,0)+10)) | H66: =IFERROR(IF(IFERROR(INDEX(Рецепты!$H$6:$H$85,MATCH(Меню!$D$8,Рецепты!$H$6:$H$85,0)+10)=Меню!$D$8,FALSE),INDEX(Рецепты!$L$6:$L$85,MATCH(Меню!$D$8,Рецепты!$H$6:$H$85,0)+10),0),0) -> 0 | I66: =IF($F66="","",Меню!$E$8) | J66: =IFERROR($H66*$I66,0) -> 0 | K66: =IFERROR($J66/100*INDEX(Продукты!$G$6:$G$66,MATCH($E66,Продукты!$A$6:$A$66,0)),0) -> 0 | L66: =IFERROR($J66/100*INDEX(Продукты!$H$6:$H$66,MATCH($E66,Продукты!$A$6:$A$66,0)),0) -> 0 | M66: =IFERROR($J66/100*INDEX(Продукты!$I$6:$I$66,MATCH($E66,Продукты!$A$6:$A$66,0)),0) -> 0 | N66: =IFERROR($J66/100*INDEX(Продукты!$J$6:$J$66,MATCH($E66,Продукты!$A$6:$A$66,0)),0) -> 0 | O66: =IFERROR(IF(IFERROR(INDEX(Рецепты!$H$6:$H$85,MATCH(Меню!$D$8,Рецепты!$H$6:$H$85,0)+10)=Меню!$D$8,FALSE),INDEX(Рецепты!$N$6:$N$85,MATCH(Меню!$D$8,Рецепты!$H$6:$H$85,0)+10),""),"")
A67: =IF($E67="","",Меню!$A$8) | B67: =IF($E67="","",Меню!$B$8) | C67: =IF($E67="","",Меню!$C$8) | D67: =IF($E67="","",Меню!$D$8) | E67: =IFERROR(IF(IFERROR(INDEX(Рецепты!$H$6:$H$85,MATCH(Меню!$D$8,Рецепты!$H$6:$H$85,0)+11)=Меню!$D$8,FALSE),INDEX(Рецепты!$J$6:$J$85,MATCH(Меню!$D$8,Рецепты!$H$6:$H$85,0)+11),""),"") | F67: =IF($E67="","",INDEX(Рецепты!$K$6:$K$85,MATCH(Меню!$D$8,Рецепты!$H$6:$H$85,0)+11)) | G67: =IF($E67="","",INDEX(Рецепты!$M$6:$M$85,MATCH(Меню!$D$8,Рецепты!$H$6:$H$85,0)+11)) | H67: =IFERROR(IF(IFERROR(INDEX(Рецепты!$H$6:$H$85,MATCH(Меню!$D$8,Рецепты!$H$6:$H$85,0)+11)=Меню!$D$8,FALSE),INDEX(Рецепты!$L$6:$L$85,MATCH(Меню!$D$8,Рецепты!$H$6:$H$85,0)+11),0),0) -> 0 | I67: =IF($F67="","",Меню!$E$8) | J67: =IFERROR($H67*$I67,0) -> 0 | K67: =IFERROR($J67/100*INDEX(Продукты!$G$6:$G$66,MATCH($E67,Продукты!$A$6:$A$66,0)),0) -> 0 | L67: =IFERROR($J67/100*INDEX(Продукты!$H$6:$H$66,MATCH($E67,Продукты!$A$6:$A$66,0)),0) -> 0 | M67: =IFERROR($J67/100*INDEX(Продукты!$I$6:$I$66,MATCH($E67,Продукты!$A$6:$A$66,0)),0) -> 0 | N67: =IFERROR($J67/100*INDEX(Продукты!$J$6:$J$66,MATCH($E67,Продукты!$A$6:$A$66,0)),0) -> 0 | O67: =IFERROR(IF(IFERROR(INDEX(Рецепты!$H$6:$H$85,MATCH(Меню!$D$8,Рецепты!$H$6:$H$85,0)+11)=Меню!$D$8,FALSE),INDEX(Рецепты!$N$6:$N$85,MATCH(Меню!$D$8,Рецепты!$H$6:$H$85,0)+11),""),"")
A68: =IF($E68="","",Меню!$A$8) | B68: =IF($E68="","",Меню!$B$8) | C68: =IF($E68="","",Меню!$C$8) | D68: =IF($E68="","",Меню!$D$8) | E68: =IFERROR(IF(IFERROR(INDEX(Рецепты!$H$6:$H$85,MATCH(Меню!$D$8,Рецепты!$H$6:$H$85,0)+12)=Меню!$D$8,FALSE),INDEX(Рецепты!$J$6:$J$85,MATCH(Меню!$D$8,Рецепты!$H$6:$H$85,0)+12),""),"") | F68: =IF($E68="","",INDEX(Рецепты!$K$6:$K$85,MATCH(Меню!$D$8,Рецепты!$H$6:$H$85,0)+12)) | G68: =IF($E68="","",INDEX(Рецепты!$M$6:$M$85,MATCH(Меню!$D$8,Рецепты!$H$6:$H$85,0)+12)) | H68: =IFERROR(IF(IFERROR(INDEX(Рецепты!$H$6:$H$85,MATCH(Меню!$D$8,Рецепты!$H$6:$H$85,0)+12)=Меню!$D$8,FALSE),INDEX(Рецепты!$L$6:$L$85,MATCH(Меню!$D$8,Рецепты!$H$6:$H$85,0)+12),0),0) -> 0 | I68: =IF($F68="","",Меню!$E$8) | J68: =IFERROR($H68*$I68,0) -> 0 | K68: =IFERROR($J68/100*INDEX(Продукты!$G$6:$G$66,MATCH($E68,Продукты!$A$6:$A$66,0)),0) -> 0 | L68: =IFERROR($J68/100*INDEX(Продукты!$H$6:$H$66,MATCH($E68,Продукты!$A$6:$A$66,0)),0) -> 0 | M68: =IFERROR($J68/100*INDEX(Продукты!$I$6:$I$66,MATCH($E68,Продукты!$A$6:$A$66,0)),0) -> 0 | N68: =IFERROR($J68/100*INDEX(Продукты!$J$6:$J$66,MATCH($E68,Продукты!$A$6:$A$66,0)),0) -> 0 | O68: =IFERROR(IF(IFERROR(INDEX(Рецепты!$H$6:$H$85,MATCH(Меню!$D$8,Рецепты!$H$6:$H$85,0)+12)=Меню!$D$8,FALSE),INDEX(Рецепты!$N$6:$N$85,MATCH(Меню!$D$8,Рецепты!$H$6:$H$85,0)+12),""),"")
A69: =IF($E69="","",Меню!$A$8) | B69: =IF($E69="","",Меню!$B$8) | C69: =IF($E69="","",Меню!$C$8) | D69: =IF($E69="","",Меню!$D$8) | E69: =IFERROR(IF(IFERROR(INDEX(Рецепты!$H$6:$H$85,MATCH(Меню!$D$8,Рецепты!$H$6:$H$85,0)+13)=Меню!$D$8,FALSE),INDEX(Рецепты!$J$6:$J$85,MATCH(Меню!$D$8,Рецепты!$H$6:$H$85,0)+13),""),"") | F69: =IF($E69="","",INDEX(Рецепты!$K$6:$K$85,MATCH(Меню!$D$8,Рецепты!$H$6:$H$85,0)+13)) | G69: =IF($E69="","",INDEX(Рецепты!$M$6:$M$85,MATCH(Меню!$D$8,Рецепты!$H$6:$H$85,0)+13)) | H69: =IFERROR(IF(IFERROR(INDEX(Рецепты!$H$6:$H$85,MATCH(Меню!$D$8,Рецепты!$H$6:$H$85,0)+13)=Меню!$D$8,FALSE),INDEX(Рецепты!$L$6:$L$85,MATCH(Меню!$D$8,Рецепты!$H$6:$H$85,0)+13),0),0) -> 0 | I69: =IF($F69="","",Меню!$E$8) | J69: =IFERROR($H69*$I69,0) -> 0 | K69: =IFERROR($J69/100*INDEX(Продукты!$G$6:$G$66,MATCH($E69,Продукты!$A$6:$A$66,0)),0) -> 0 | L69: =IFERROR($J69/100*INDEX(Продукты!$H$6:$H$66,MATCH($E69,Продукты!$A$6:$A$66,0)),0) -> 0 | M69: =IFERROR($J69/100*INDEX(Продукты!$I$6:$I$66,MATCH($E69,Продукты!$A$6:$A$66,0)),0) -> 0 | N69: =IFERROR($J69/100*INDEX(Продукты!$J$6:$J$66,MATCH($E69,Продукты!$A$6:$A$66,0)),0) -> 0 | O69: =IFERROR(IF(IFERROR(INDEX(Рецепты!$H$6:$H$85,MATCH(Меню!$D$8,Рецепты!$H$6:$H$85,0)+13)=Меню!$D$8,FALSE),INDEX(Рецепты!$N$6:$N$85,MATCH(Меню!$D$8,Рецепты!$H$6:$H$85,0)+13),""),"")
A70: =IF($E70="","",Меню!$A$8) | B70: =IF($E70="","",Меню!$B$8) | C70: =IF($E70="","",Меню!$C$8) | D70: =IF($E70="","",Меню!$D$8) | E70: =IFERROR(IF(IFERROR(INDEX(Рецепты!$H$6:$H$85,MATCH(Меню!$D$8,Рецепты!$H$6:$H$85,0)+14)=Меню!$D$8,FALSE),INDEX(Рецепты!$J$6:$J$85,MATCH(Меню!$D$8,Рецепты!$H$6:$H$85,0)+14),""),"") | F70: =IF($E70="","",INDEX(Рецепты!$K$6:$K$85,MATCH(Меню!$D$8,Рецепты!$H$6:$H$85,0)+14)) | G70: =IF($E70="","",INDEX(Рецепты!$M$6:$M$85,MATCH(Меню!$D$8,Рецепты!$H$6:$H$85,0)+14)) | H70: =IFERROR(IF(IFERROR(INDEX(Рецепты!$H$6:$H$85,MATCH(Меню!$D$8,Рецепты!$H$6:$H$85,0)+14)=Меню!$D$8,FALSE),INDEX(Рецепты!$L$6:$L$85,MATCH(Меню!$D$8,Рецепты!$H$6:$H$85,0)+14),0),0) -> 0 | I70: =IF($F70="","",Меню!$E$8) | J70: =IFERROR($H70*$I70,0) -> 0 | K70: =IFERROR($J70/100*INDEX(Продукты!$G$6:$G$66,MATCH($E70,Продукты!$A$6:$A$66,0)),0) -> 0 | L70: =IFERROR($J70/100*INDEX(Продукты!$H$6:$H$66,MATCH($E70,Продукты!$A$6:$A$66,0)),0) -> 0 | M70: =IFERROR($J70/100*INDEX(Продукты!$I$6:$I$66,MATCH($E70,Продукты!$A$6:$A$66,0)),0) -> 0 | N70: =IFERROR($J70/100*INDEX(Продукты!$J$6:$J$66,MATCH($E70,Продукты!$A$6:$A$66,0)),0) -> 0 | O70: =IFERROR(IF(IFERROR(INDEX(Рецепты!$H$6:$H$85,MATCH(Меню!$D$8,Рецепты!$H$6:$H$85,0)+14)=Меню!$D$8,FALSE),INDEX(Рецепты!$N$6:$N$85,MATCH(Меню!$D$8,Рецепты!$H$6:$H$85,0)+14),""),"")
A71: =IF($E71="","",Меню!$A$8) | B71: =IF($E71="","",Меню!$B$8) | C71: =IF($E71="","",Меню!$C$8) | D71: =IF($E71="","",Меню!$D$8) | E71: =IFERROR(IF(IFERROR(INDEX(Рецепты!$H$6:$H$85,MATCH(Меню!$D$8,Рецепты!$H$6:$H$85,0)+15)=Меню!$D$8,FALSE),INDEX(Рецепты!$J$6:$J$85,MATCH(Меню!$D$8,Рецепты!$H$6:$H$85,0)+15),""),"") | F71: =IF($E71="","",INDEX(Рецепты!$K$6:$K$85,MATCH(Меню!$D$8,Рецепты!$H$6:$H$85,0)+15)) | G71: =IF($E71="","",INDEX(Рецепты!$M$6:$M$85,MATCH(Меню!$D$8,Рецепты!$H$6:$H$85,0)+15)) | H71: =IFERROR(IF(IFERROR(INDEX(Рецепты!$H$6:$H$85,MATCH(Меню!$D$8,Рецепты!$H$6:$H$85,0)+15)=Меню!$D$8,FALSE),INDEX(Рецепты!$L$6:$L$85,MATCH(Меню!$D$8,Рецепты!$H$6:$H$85,0)+15),0),0) -> 0 | I71: =IF($F71="","",Меню!$E$8) | J71: =IFERROR($H71*$I71,0) -> 0 | K71: =IFERROR($J71/100*INDEX(Продукты!$G$6:$G$66,MATCH($E71,Продукты!$A$6:$A$66,0)),0) -> 0 | L71: =IFERROR($J71/100*INDEX(Продукты!$H$6:$H$66,MATCH($E71,Продукты!$A$6:$A$66,0)),0) -> 0 | M71: =IFERROR($J71/100*INDEX(Продукты!$I$6:$I$66,MATCH($E71,Продукты!$A$6:$A$66,0)),0) -> 0 | N71: =IFERROR($J71/100*INDEX(Продукты!$J$6:$J$66,MATCH($E71,Продукты!$A$6:$A$66,0)),0) -> 0 | O71: =IFERROR(IF(IFERROR(INDEX(Рецепты!$H$6:$H$85,MATCH(Меню!$D$8,Рецепты!$H$6:$H$85,0)+15)=Меню!$D$8,FALSE),INDEX(Рецепты!$N$6:$N$85,MATCH(Меню!$D$8,Рецепты!$H$6:$H$85,0)+15),""),"")
A72: =IF($E72="","",Меню!$A$8) | B72: =IF($E72="","",Меню!$B$8) | C72: =IF($E72="","",Меню!$C$8) | D72: =IF($E72="","",Меню!$D$8) | E72: =IFERROR(IF(IFERROR(INDEX(Рецепты!$H$6:$H$85,MATCH(Меню!$D$8,Рецепты!$H$6:$H$85,0)+16)=Меню!$D$8,FALSE),INDEX(Рецепты!$J$6:$J$85,MATCH(Меню!$D$8,Рецепты!$H$6:$H$85,0)+16),""),"") | F72: =IF($E72="","",INDEX(Рецепты!$K$6:$K$85,MATCH(Меню!$D$8,Рецепты!$H$6:$H$85,0)+16)) | G72: =IF($E72="","",INDEX(Рецепты!$M$6:$M$85,MATCH(Меню!$D$8,Рецепты!$H$6:$H$85,0)+16)) | H72: =IFERROR(IF(IFERROR(INDEX(Рецепты!$H$6:$H$85,MATCH(Меню!$D$8,Рецепты!$H$6:$H$85,0)+16)=Меню!$D$8,FALSE),INDEX(Рецепты!$L$6:$L$85,MATCH(Меню!$D$8,Рецепты!$H$6:$H$85,0)+16),0),0) -> 0 | I72: =IF($F72="","",Меню!$E$8) | J72: =IFERROR($H72*$I72,0) -> 0 | K72: =IFERROR($J72/100*INDEX(Продукты!$G$6:$G$66,MATCH($E72,Продукты!$A$6:$A$66,0)),0) -> 0 | L72: =IFERROR($J72/100*INDEX(Продукты!$H$6:$H$66,MATCH($E72,Продукты!$A$6:$A$66,0)),0) -> 0 | M72: =IFERROR($J72/100*INDEX(Продукты!$I$6:$I$66,MATCH($E72,Продукты!$A$6:$A$66,0)),0) -> 0 | N72: =IFERROR($J72/100*INDEX(Продукты!$J$6:$J$66,MATCH($E72,Продукты!$A$6:$A$66,0)),0) -> 0 | O72: =IFERROR(IF(IFERROR(INDEX(Рецепты!$H$6:$H$85,MATCH(Меню!$D$8,Рецепты!$H$6:$H$85,0)+16)=Меню!$D$8,FALSE),INDEX(Рецепты!$N$6:$N$85,MATCH(Меню!$D$8,Рецепты!$H$6:$H$85,0)+16),""),"")
A73: =IF($E73="","",Меню!$A$8) | B73: =IF($E73="","",Меню!$B$8) | C73: =IF($E73="","",Меню!$C$8) | D73: =IF($E73="","",Меню!$D$8) | E73: =IFERROR(IF(IFERROR(INDEX(Рецепты!$H$6:$H$85,MATCH(Меню!$D$8,Рецепты!$H$6:$H$85,0)+17)=Меню!$D$8,FALSE),INDEX(Рецепты!$J$6:$J$85,MATCH(Меню!$D$8,Рецепты!$H$6:$H$85,0)+17),""),"") | F73: =IF($E73="","",INDEX(Рецепты!$K$6:$K$85,MATCH(Меню!$D$8,Рецепты!$H$6:$H$85,0)+17)) | G73: =IF($E73="","",INDEX(Рецепты!$M$6:$M$85,MATCH(Меню!$D$8,Рецепты!$H$6:$H$85,0)+17)) | H73: =IFERROR(IF(IFERROR(INDEX(Рецепты!$H$6:$H$85,MATCH(Меню!$D$8,Рецепты!$H$6:$H$85,0)+17)=Меню!$D$8,FALSE),INDEX(Рецепты!$L$6:$L$85,MATCH(Меню!$D$8,Рецепты!$H$6:$H$85,0)+17),0),0) -> 0 | I73: =IF($F73="","",Меню!$E$8) | J73: =IFERROR($H73*$I73,0) -> 0 | K73: =IFERROR($J73/100*INDEX(Продукты!$G$6:$G$66,MATCH($E73,Продукты!$A$6:$A$66,0)),0) -> 0 | L73: =IFERROR($J73/100*INDEX(Продукты!$H$6:$H$66,MATCH($E73,Продукты!$A$6:$A$66,0)),0) -> 0 | M73: =IFERROR($J73/100*INDEX(Продукты!$I$6:$I$66,MATCH($E73,Продукты!$A$6:$A$66,0)),0) -> 0 | N73: =IFERROR($J73/100*INDEX(Продукты!$J$6:$J$66,MATCH($E73,Продукты!$A$6:$A$66,0)),0) -> 0 | O73: =IFERROR(IF(IFERROR(INDEX(Рецепты!$H$6:$H$85,MATCH(Меню!$D$8,Рецепты!$H$6:$H$85,0)+17)=Меню!$D$8,FALSE),INDEX(Рецепты!$N$6:$N$85,MATCH(Меню!$D$8,Рецепты!$H$6:$H$85,0)+17),""),"")
A74: =IF($E74="","",Меню!$A$8) | B74: =IF($E74="","",Меню!$B$8) | C74: =IF($E74="","",Меню!$C$8) | D74: =IF($E74="","",Меню!$D$8) | E74: =IFERROR(IF(IFERROR(INDEX(Рецепты!$H$6:$H$85,MATCH(Меню!$D$8,Рецепты!$H$6:$H$85,0)+18)=Меню!$D$8,FALSE),INDEX(Рецепты!$J$6:$J$85,MATCH(Меню!$D$8,Рецепты!$H$6:$H$85,0)+18),""),"") | F74: =IF($E74="","",INDEX(Рецепты!$K$6:$K$85,MATCH(Меню!$D$8,Рецепты!$H$6:$H$85,0)+18)) | G74: =IF($E74="","",INDEX(Рецепты!$M$6:$M$85,MATCH(Меню!$D$8,Рецепты!$H$6:$H$85,0)+18)) | H74: =IFERROR(IF(IFERROR(INDEX(Рецепты!$H$6:$H$85,MATCH(Меню!$D$8,Рецепты!$H$6:$H$85,0)+18)=Меню!$D$8,FALSE),INDEX(Рецепты!$L$6:$L$85,MATCH(Меню!$D$8,Рецепты!$H$6:$H$85,0)+18),0),0) -> 0 | I74: =IF($F74="","",Меню!$E$8) | J74: =IFERROR($H74*$I74,0) -> 0 | K74: =IFERROR($J74/100*INDEX(Продукты!$G$6:$G$66,MATCH($E74,Продукты!$A$6:$A$66,0)),0) -> 0 | L74: =IFERROR($J74/100*INDEX(Продукты!$H$6:$H$66,MATCH($E74,Продукты!$A$6:$A$66,0)),0) -> 0 | M74: =IFERROR($J74/100*INDEX(Продукты!$I$6:$I$66,MATCH($E74,Продукты!$A$6:$A$66,0)),0) -> 0 | N74: =IFERROR($J74/100*INDEX(Продукты!$J$6:$J$66,MATCH($E74,Продукты!$A$6:$A$66,0)),0) -> 0 | O74: =IFERROR(IF(IFERROR(INDEX(Рецепты!$H$6:$H$85,MATCH(Меню!$D$8,Рецепты!$H$6:$H$85,0)+18)=Меню!$D$8,FALSE),INDEX(Рецепты!$N$6:$N$85,MATCH(Меню!$D$8,Рецепты!$H$6:$H$85,0)+18),""),"")
A75: =IF($E75="","",Меню!$A$8) | B75: =IF($E75="","",Меню!$B$8) | C75: =IF($E75="","",Меню!$C$8) | D75: =IF($E75="","",Меню!$D$8) | E75: =IFERROR(IF(IFERROR(INDEX(Рецепты!$H$6:$H$85,MATCH(Меню!$D$8,Рецепты!$H$6:$H$85,0)+19)=Меню!$D$8,FALSE),INDEX(Рецепты!$J$6:$J$85,MATCH(Меню!$D$8,Рецепты!$H$6:$H$85,0)+19),""),"") | F75: =IF($E75="","",INDEX(Рецепты!$K$6:$K$85,MATCH(Меню!$D$8,Рецепты!$H$6:$H$85,0)+19)) | G75: =IF($E75="","",INDEX(Рецепты!$M$6:$M$85,MATCH(Меню!$D$8,Рецепты!$H$6:$H$85,0)+19)) | H75: =IFERROR(IF(IFERROR(INDEX(Рецепты!$H$6:$H$85,MATCH(Меню!$D$8,Рецепты!$H$6:$H$85,0)+19)=Меню!$D$8,FALSE),INDEX(Рецепты!$L$6:$L$85,MATCH(Меню!$D$8,Рецепты!$H$6:$H$85,0)+19),0),0) -> 0 | I75: =IF($F75="","",Меню!$E$8) | J75: =IFERROR($H75*$I75,0) -> 0 | K75: =IFERROR($J75/100*INDEX(Продукты!$G$6:$G$66,MATCH($E75,Продукты!$A$6:$A$66,0)),0) -> 0 | L75: =IFERROR($J75/100*INDEX(Продукты!$H$6:$H$66,MATCH($E75,Продукты!$A$6:$A$66,0)),0) -> 0 | M75: =IFERROR($J75/100*INDEX(Продукты!$I$6:$I$66,MATCH($E75,Продукты!$A$6:$A$66,0)),0) -> 0 | N75: =IFERROR($J75/100*INDEX(Продукты!$J$6:$J$66,MATCH($E75,Продукты!$A$6:$A$66,0)),0) -> 0 | O75: =IFERROR(IF(IFERROR(INDEX(Рецепты!$H$6:$H$85,MATCH(Меню!$D$8,Рецепты!$H$6:$H$85,0)+19)=Меню!$D$8,FALSE),INDEX(Рецепты!$N$6:$N$85,MATCH(Меню!$D$8,Рецепты!$H$6:$H$85,0)+19),""),"")
A76: =IF($E76="","",Меню!$A$8) | B76: =IF($E76="","",Меню!$B$8) | C76: =IF($E76="","",Меню!$C$8) | D76: =IF($E76="","",Меню!$D$8) | E76: =IFERROR(IF(IFERROR(INDEX(Рецепты!$H$6:$H$85,MATCH(Меню!$D$8,Рецепты!$H$6:$H$85,0)+20)=Меню!$D$8,FALSE),INDEX(Рецепты!$J$6:$J$85,MATCH(Меню!$D$8,Рецепты!$H$6:$H$85,0)+20),""),"") | F76: =IF($E76="","",INDEX(Рецепты!$K$6:$K$85,MATCH(Меню!$D$8,Рецепты!$H$6:$H$85,0)+20)) | G76: =IF($E76="","",INDEX(Рецепты!$M$6:$M$85,MATCH(Меню!$D$8,Рецепты!$H$6:$H$85,0)+20)) | H76: =IFERROR(IF(IFERROR(INDEX(Рецепты!$H$6:$H$85,MATCH(Меню!$D$8,Рецепты!$H$6:$H$85,0)+20)=Меню!$D$8,FALSE),INDEX(Рецепты!$L$6:$L$85,MATCH(Меню!$D$8,Рецепты!$H$6:$H$85,0)+20),0),0) -> 0 | I76: =IF($F76="","",Меню!$E$8) | J76: =IFERROR($H76*$I76,0) -> 0 | K76: =IFERROR($J76/100*INDEX(Продукты!$G$6:$G$66,MATCH($E76,Продукты!$A$6:$A$66,0)),0) -> 0 | L76: =IFERROR($J76/100*INDEX(Продукты!$H$6:$H$66,MATCH($E76,Продукты!$A$6:$A$66,0)),0) -> 0 | M76: =IFERROR($J76/100*INDEX(Продукты!$I$6:$I$66,MATCH($E76,Продукты!$A$6:$A$66,0)),0) -> 0 | N76: =IFERROR($J76/100*INDEX(Продукты!$J$6:$J$66,MATCH($E76,Продукты!$A$6:$A$66,0)),0) -> 0 | O76: =IFERROR(IF(IFERROR(INDEX(Рецепты!$H$6:$H$85,MATCH(Меню!$D$8,Рецепты!$H$6:$H$85,0)+20)=Меню!$D$8,FALSE),INDEX(Рецепты!$N$6:$N$85,MATCH(Меню!$D$8,Рецепты!$H$6:$H$85,0)+20),""),"")
A77: =IF($E77="","",Меню!$A$8) | B77: =IF($E77="","",Меню!$B$8) | C77: =IF($E77="","",Меню!$C$8) | D77: =IF($E77="","",Меню!$D$8) | E77: =IFERROR(IF(IFERROR(INDEX(Рецепты!$H$6:$H$85,MATCH(Меню!$D$8,Рецепты!$H$6:$H$85,0)+21)=Меню!$D$8,FALSE),INDEX(Рецепты!$J$6:$J$85,MATCH(Меню!$D$8,Рецепты!$H$6:$H$85,0)+21),""),"") | F77: =IF($E77="","",INDEX(Рецепты!$K$6:$K$85,MATCH(Меню!$D$8,Рецепты!$H$6:$H$85,0)+21)) | G77: =IF($E77="","",INDEX(Рецепты!$M$6:$M$85,MATCH(Меню!$D$8,Рецепты!$H$6:$H$85,0)+21)) | H77: =IFERROR(IF(IFERROR(INDEX(Рецепты!$H$6:$H$85,MATCH(Меню!$D$8,Рецепты!$H$6:$H$85,0)+21)=Меню!$D$8,FALSE),INDEX(Рецепты!$L$6:$L$85,MATCH(Меню!$D$8,Рецепты!$H$6:$H$85,0)+21),0),0) -> 0 | I77: =IF($F77="","",Меню!$E$8) | J77: =IFERROR($H77*$I77,0) -> 0 | K77: =IFERROR($J77/100*INDEX(Продукты!$G$6:$G$66,MATCH($E77,Продукты!$A$6:$A$66,0)),0) -> 0 | L77: =IFERROR($J77/100*INDEX(Продукты!$H$6:$H$66,MATCH($E77,Продукты!$A$6:$A$66,0)),0) -> 0 | M77: =IFERROR($J77/100*INDEX(Продукты!$I$6:$I$66,MATCH($E77,Продукты!$A$6:$A$66,0)),0) -> 0 | N77: =IFERROR($J77/100*INDEX(Продукты!$J$6:$J$66,MATCH($E77,Продукты!$A$6:$A$66,0)),0) -> 0 | O77: =IFERROR(IF(IFERROR(INDEX(Рецепты!$H$6:$H$85,MATCH(Меню!$D$8,Рецепты!$H$6:$H$85,0)+21)=Меню!$D$8,FALSE),INDEX(Рецепты!$N$6:$N$85,MATCH(Меню!$D$8,Рецепты!$H$6:$H$85,0)+21),""),"")
A78: =IF($E78="","",Меню!$A$8) | B78: =IF($E78="","",Меню!$B$8) | C78: =IF($E78="","",Меню!$C$8) | D78: =IF($E78="","",Меню!$D$8) | E78: =IFERROR(IF(IFERROR(INDEX(Рецепты!$H$6:$H$85,MATCH(Меню!$D$8,Рецепты!$H$6:$H$85,0)+22)=Меню!$D$8,FALSE),INDEX(Рецепты!$J$6:$J$85,MATCH(Меню!$D$8,Рецепты!$H$6:$H$85,0)+22),""),"") | F78: =IF($E78="","",INDEX(Рецепты!$K$6:$K$85,MATCH(Меню!$D$8,Рецепты!$H$6:$H$85,0)+22)) | G78: =IF($E78="","",INDEX(Рецепты!$M$6:$M$85,MATCH(Меню!$D$8,Рецепты!$H$6:$H$85,0)+22)) | H78: =IFERROR(IF(IFERROR(INDEX(Рецепты!$H$6:$H$85,MATCH(Меню!$D$8,Рецепты!$H$6:$H$85,0)+22)=Меню!$D$8,FALSE),INDEX(Рецепты!$L$6:$L$85,MATCH(Меню!$D$8,Рецепты!$H$6:$H$85,0)+22),0),0) -> 0 | I78: =IF($F78="","",Меню!$E$8) | J78: =IFERROR($H78*$I78,0) -> 0 | K78: =IFERROR($J78/100*INDEX(Продукты!$G$6:$G$66,MATCH($E78,Продукты!$A$6:$A$66,0)),0) -> 0 | L78: =IFERROR($J78/100*INDEX(Продукты!$H$6:$H$66,MATCH($E78,Продукты!$A$6:$A$66,0)),0) -> 0 | M78: =IFERROR($J78/100*INDEX(Продукты!$I$6:$I$66,MATCH($E78,Продукты!$A$6:$A$66,0)),0) -> 0 | N78: =IFERROR($J78/100*INDEX(Продукты!$J$6:$J$66,MATCH($E78,Продукты!$A$6:$A$66,0)),0) -> 0 | O78: =IFERROR(IF(IFERROR(INDEX(Рецепты!$H$6:$H$85,MATCH(Меню!$D$8,Рецепты!$H$6:$H$85,0)+22)=Меню!$D$8,FALSE),INDEX(Рецепты!$N$6:$N$85,MATCH(Меню!$D$8,Рецепты!$H$6:$H$85,0)+22),""),"")
A79: =IF($E79="","",Меню!$A$8) | B79: =IF($E79="","",Меню!$B$8) | C79: =IF($E79="","",Меню!$C$8) | D79: =IF($E79="","",Меню!$D$8) | E79: =IFERROR(IF(IFERROR(INDEX(Рецепты!$H$6:$H$85,MATCH(Меню!$D$8,Рецепты!$H$6:$H$85,0)+23)=Меню!$D$8,FALSE),INDEX(Рецепты!$J$6:$J$85,MATCH(Меню!$D$8,Рецепты!$H$6:$H$85,0)+23),""),"") | F79: =IF($E79="","",INDEX(Рецепты!$K$6:$K$85,MATCH(Меню!$D$8,Рецепты!$H$6:$H$85,0)+23)) | G79: =IF($E79="","",INDEX(Рецепты!$M$6:$M$85,MATCH(Меню!$D$8,Рецепты!$H$6:$H$85,0)+23)) | H79: =IFERROR(IF(IFERROR(INDEX(Рецепты!$H$6:$H$85,MATCH(Меню!$D$8,Рецепты!$H$6:$H$85,0)+23)=Меню!$D$8,FALSE),INDEX(Рецепты!$L$6:$L$85,MATCH(Меню!$D$8,Рецепты!$H$6:$H$85,0)+23),0),0) -> 0 | I79: =IF($F79="","",Меню!$E$8) | J79: =IFERROR($H79*$I79,0) -> 0 | K79: =IFERROR($J79/100*INDEX(Продукты!$G$6:$G$66,MATCH($E79,Продукты!$A$6:$A$66,0)),0) -> 0 | L79: =IFERROR($J79/100*INDEX(Продукты!$H$6:$H$66,MATCH($E79,Продукты!$A$6:$A$66,0)),0) -> 0 | M79: =IFERROR($J79/100*INDEX(Продукты!$I$6:$I$66,MATCH($E79,Продукты!$A$6:$A$66,0)),0) -> 0 | N79: =IFERROR($J79/100*INDEX(Продукты!$J$6:$J$66,MATCH($E79,Продукты!$A$6:$A$66,0)),0) -> 0 | O79: =IFERROR(IF(IFERROR(INDEX(Рецепты!$H$6:$H$85,MATCH(Меню!$D$8,Рецепты!$H$6:$H$85,0)+23)=Меню!$D$8,FALSE),INDEX(Рецепты!$N$6:$N$85,MATCH(Меню!$D$8,Рецепты!$H$6:$H$85,0)+23),""),"")
A80: =IF($E80="","",Меню!$A$8) | B80: =IF($E80="","",Меню!$B$8) | C80: =IF($E80="","",Меню!$C$8) | D80: =IF($E80="","",Меню!$D$8) | E80: =IFERROR(IF(IFERROR(INDEX(Рецепты!$H$6:$H$85,MATCH(Меню!$D$8,Рецепты!$H$6:$H$85,0)+24)=Меню!$D$8,FALSE),INDEX(Рецепты!$J$6:$J$85,MATCH(Меню!$D$8,Рецепты!$H$6:$H$85,0)+24),""),"") | F80: =IF($E80="","",INDEX(Рецепты!$K$6:$K$85,MATCH(Меню!$D$8,Рецепты!$H$6:$H$85,0)+24)) | G80: =IF($E80="","",INDEX(Рецепты!$M$6:$M$85,MATCH(Меню!$D$8,Рецепты!$H$6:$H$85,0)+24)) | H80: =IFERROR(IF(IFERROR(INDEX(Рецепты!$H$6:$H$85,MATCH(Меню!$D$8,Рецепты!$H$6:$H$85,0)+24)=Меню!$D$8,FALSE),INDEX(Рецепты!$L$6:$L$85,MATCH(Меню!$D$8,Рецепты!$H$6:$H$85,0)+24),0),0) -> 0 | I80: =IF($F80="","",Меню!$E$8) | J80: =IFERROR($H80*$I80,0) -> 0 | K80: =IFERROR($J80/100*INDEX(Продукты!$G$6:$G$66,MATCH($E80,Продукты!$A$6:$A$66,0)),0) -> 0 | L80: =IFERROR($J80/100*INDEX(Продукты!$H$6:$H$66,MATCH($E80,Продукты!$A$6:$A$66,0)),0) -> 0 | M80: =IFERROR($J80/100*INDEX(Продукты!$I$6:$I$66,MATCH($E80,Продукты!$A$6:$A$66,0)),0) -> 0 | N80: =IFERROR($J80/100*INDEX(Продукты!$J$6:$J$66,MATCH($E80,Продукты!$A$6:$A$66,0)),0) -> 0 | O80: =IFERROR(IF(IFERROR(INDEX(Рецепты!$H$6:$H$85,MATCH(Меню!$D$8,Рецепты!$H$6:$H$85,0)+24)=Меню!$D$8,FALSE),INDEX(Рецепты!$N$6:$N$85,MATCH(Меню!$D$8,Рецепты!$H$6:$H$85,0)+24),""),"")
A81: =IF($E81="","",Меню!$A$9) | B81: =IF($E81="","",Меню!$B$9) | C81: =IF($E81="","",Меню!$C$9) | D81: =IF($E81="","",Меню!$D$9) | E81: =IFERROR(IF(IFERROR(INDEX(Рецепты!$H$6:$H$85,MATCH(Меню!$D$9,Рецепты!$H$6:$H$85,0)+0)=Меню!$D$9,FALSE),INDEX(Рецепты!$J$6:$J$85,MATCH(Меню!$D$9,Рецепты!$H$6:$H$85,0)+0),""),"") | F81: =IF($E81="","",INDEX(Рецепты!$K$6:$K$85,MATCH(Меню!$D$9,Рецепты!$H$6:$H$85,0)+0)) | G81: =IF($E81="","",INDEX(Рецепты!$M$6:$M$85,MATCH(Меню!$D$9,Рецепты!$H$6:$H$85,0)+0)) | H81: =IFERROR(IF(IFERROR(INDEX(Рецепты!$H$6:$H$85,MATCH(Меню!$D$9,Рецепты!$H$6:$H$85,0)+0)=Меню!$D$9,FALSE),INDEX(Рецепты!$L$6:$L$85,MATCH(Меню!$D$9,Рецепты!$H$6:$H$85,0)+0),0),0) -> 0 | I81: =IF($F81="","",Меню!$E$9) | J81: =IFERROR($H81*$I81,0) -> 0 | K81: =IFERROR($J81/100*INDEX(Продукты!$G$6:$G$66,MATCH($E81,Продукты!$A$6:$A$66,0)),0) -> 0 | L81: =IFERROR($J81/100*INDEX(Продукты!$H$6:$H$66,MATCH($E81,Продукты!$A$6:$A$66,0)),0) -> 0 | M81: =IFERROR($J81/100*INDEX(Продукты!$I$6:$I$66,MATCH($E81,Продукты!$A$6:$A$66,0)),0) -> 0 | N81: =IFERROR($J81/100*INDEX(Продукты!$J$6:$J$66,MATCH($E81,Продукты!$A$6:$A$66,0)),0) -> 0 | O81: =IFERROR(IF(IFERROR(INDEX(Рецепты!$H$6:$H$85,MATCH(Меню!$D$9,Рецепты!$H$6:$H$85,0)+0)=Меню!$D$9,FALSE),INDEX(Рецепты!$N$6:$N$85,MATCH(Меню!$D$9,Рецепты!$H$6:$H$85,0)+0),""),"")
A82: =IF($E82="","",Меню!$A$9) | B82: =IF($E82="","",Меню!$B$9) | C82: =IF($E82="","",Меню!$C$9) | D82: =IF($E82="","",Меню!$D$9) | E82: =IFERROR(IF(IFERROR(INDEX(Рецепты!$H$6:$H$85,MATCH(Меню!$D$9,Рецепты!$H$6:$H$85,0)+1)=Меню!$D$9,FALSE),INDEX(Рецепты!$J$6:$J$85,MATCH(Меню!$D$9,Рецепты!$H$6:$H$85,0)+1),""),"") | F82: =IF($E82="","",INDEX(Рецепты!$K$6:$K$85,MATCH(Меню!$D$9,Рецепты!$H$6:$H$85,0)+1)) | G82: =IF($E82="","",INDEX(Рецепты!$M$6:$M$85,MATCH(Меню!$D$9,Рецепты!$H$6:$H$85,0)+1)) | H82: =IFERROR(IF(IFERROR(INDEX(Рецепты!$H$6:$H$85,MATCH(Меню!$D$9,Рецепты!$H$6:$H$85,0)+1)=Меню!$D$9,FALSE),INDEX(Рецепты!$L$6:$L$85,MATCH(Меню!$D$9,Рецепты!$H$6:$H$85,0)+1),0),0) -> 0 | I82: =IF($F82="","",Меню!$E$9) | J82: =IFERROR($H82*$I82,0) -> 0 | K82: =IFERROR($J82/100*INDEX(Продукты!$G$6:$G$66,MATCH($E82,Продукты!$A$6:$A$66,0)),0) -> 0 | L82: =IFERROR($J82/100*INDEX(Продукты!$H$6:$H$66,MATCH($E82,Продукты!$A$6:$A$66,0)),0) -> 0 | M82: =IFERROR($J82/100*INDEX(Продукты!$I$6:$I$66,MATCH($E82,Продукты!$A$6:$A$66,0)),0) -> 0 | N82: =IFERROR($J82/100*INDEX(Продукты!$J$6:$J$66,MATCH($E82,Продукты!$A$6:$A$66,0)),0) -> 0 | O82: =IFERROR(IF(IFERROR(INDEX(Рецепты!$H$6:$H$85,MATCH(Меню!$D$9,Рецепты!$H$6:$H$85,0)+1)=Меню!$D$9,FALSE),INDEX(Рецепты!$N$6:$N$85,MATCH(Меню!$D$9,Рецепты!$H$6:$H$85,0)+1),""),"")
A83: =IF($E83="","",Меню!$A$9) | B83: =IF($E83="","",Меню!$B$9) | C83: =IF($E83="","",Меню!$C$9) | D83: =IF($E83="","",Меню!$D$9) | E83: =IFERROR(IF(IFERROR(INDEX(Рецепты!$H$6:$H$85,MATCH(Меню!$D$9,Рецепты!$H$6:$H$85,0)+2)=Меню!$D$9,FALSE),INDEX(Рецепты!$J$6:$J$85,MATCH(Меню!$D$9,Рецепты!$H$6:$H$85,0)+2),""),"") | F83: =IF($E83="","",INDEX(Рецепты!$K$6:$K$85,MATCH(Меню!$D$9,Рецепты!$H$6:$H$85,0)+2)) | G83: =IF($E83="","",INDEX(Рецепты!$M$6:$M$85,MATCH(Меню!$D$9,Рецепты!$H$6:$H$85,0)+2)) | H83: =IFERROR(IF(IFERROR(INDEX(Рецепты!$H$6:$H$85,MATCH(Меню!$D$9,Рецепты!$H$6:$H$85,0)+2)=Меню!$D$9,FALSE),INDEX(Рецепты!$L$6:$L$85,MATCH(Меню!$D$9,Рецепты!$H$6:$H$85,0)+2),0),0) -> 0 | I83: =IF($F83="","",Меню!$E$9) | J83: =IFERROR($H83*$I83,0) -> 0 | K83: =IFERROR($J83/100*INDEX(Продукты!$G$6:$G$66,MATCH($E83,Продукты!$A$6:$A$66,0)),0) -> 0 | L83: =IFERROR($J83/100*INDEX(Продукты!$H$6:$H$66,MATCH($E83,Продукты!$A$6:$A$66,0)),0) -> 0 | M83: =IFERROR($J83/100*INDEX(Продукты!$I$6:$I$66,MATCH($E83,Продукты!$A$6:$A$66,0)),0) -> 0 | N83: =IFERROR($J83/100*INDEX(Продукты!$J$6:$J$66,MATCH($E83,Продукты!$A$6:$A$66,0)),0) -> 0 | O83: =IFERROR(IF(IFERROR(INDEX(Рецепты!$H$6:$H$85,MATCH(Меню!$D$9,Рецепты!$H$6:$H$85,0)+2)=Меню!$D$9,FALSE),INDEX(Рецепты!$N$6:$N$85,MATCH(Меню!$D$9,Рецепты!$H$6:$H$85,0)+2),""),"")
A84: =IF($E84="","",Меню!$A$9) | B84: =IF($E84="","",Меню!$B$9) | C84: =IF($E84="","",Меню!$C$9) | D84: =IF($E84="","",Меню!$D$9) | E84: =IFERROR(IF(IFERROR(INDEX(Рецепты!$H$6:$H$85,MATCH(Меню!$D$9,Рецепты!$H$6:$H$85,0)+3)=Меню!$D$9,FALSE),INDEX(Рецепты!$J$6:$J$85,MATCH(Меню!$D$9,Рецепты!$H$6:$H$85,0)+3),""),"") | F84: =IF($E84="","",INDEX(Рецепты!$K$6:$K$85,MATCH(Меню!$D$9,Рецепты!$H$6:$H$85,0)+3)) | G84: =IF($E84="","",INDEX(Рецепты!$M$6:$M$85,MATCH(Меню!$D$9,Рецепты!$H$6:$H$85,0)+3)) | H84: =IFERROR(IF(IFERROR(INDEX(Рецепты!$H$6:$H$85,MATCH(Меню!$D$9,Рецепты!$H$6:$H$85,0)+3)=Меню!$D$9,FALSE),INDEX(Рецепты!$L$6:$L$85,MATCH(Меню!$D$9,Рецепты!$H$6:$H$85,0)+3),0),0) -> 0 | I84: =IF($F84="","",Меню!$E$9) | J84: =IFERROR($H84*$I84,0) -> 0 | K84: =IFERROR($J84/100*INDEX(Продукты!$G$6:$G$66,MATCH($E84,Продукты!$A$6:$A$66,0)),0) -> 0 | L84: =IFERROR($J84/100*INDEX(Продукты!$H$6:$H$66,MATCH($E84,Продукты!$A$6:$A$66,0)),0) -> 0 | M84: =IFERROR($J84/100*INDEX(Продукты!$I$6:$I$66,MATCH($E84,Продукты!$A$6:$A$66,0)),0) -> 0 | N84: =IFERROR($J84/100*INDEX(Продукты!$J$6:$J$66,MATCH($E84,Продукты!$A$6:$A$66,0)),0) -> 0 | O84: =IFERROR(IF(IFERROR(INDEX(Рецепты!$H$6:$H$85,MATCH(Меню!$D$9,Рецепты!$H$6:$H$85,0)+3)=Меню!$D$9,FALSE),INDEX(Рецепты!$N$6:$N$85,MATCH(Меню!$D$9,Рецепты!$H$6:$H$85,0)+3),""),"")
A85: =IF($E85="","",Меню!$A$9) | B85: =IF($E85="","",Меню!$B$9) | C85: =IF($E85="","",Меню!$C$9) | D85: =IF($E85="","",Меню!$D$9) | E85: =IFERROR(IF(IFERROR(INDEX(Рецепты!$H$6:$H$85,MATCH(Меню!$D$9,Рецепты!$H$6:$H$85,0)+4)=Меню!$D$9,FALSE),INDEX(Рецепты!$J$6:$J$85,MATCH(Меню!$D$9,Рецепты!$H$6:$H$85,0)+4),""),"") | F85: =IF($E85="","",INDEX(Рецепты!$K$6:$K$85,MATCH(Меню!$D$9,Рецепты!$H$6:$H$85,0)+4)) | G85: =IF($E85="","",INDEX(Рецепты!$M$6:$M$85,MATCH(Меню!$D$9,Рецепты!$H$6:$H$85,0)+4)) | H85: =IFERROR(IF(IFERROR(INDEX(Рецепты!$H$6:$H$85,MATCH(Меню!$D$9,Рецепты!$H$6:$H$85,0)+4)=Меню!$D$9,FALSE),INDEX(Рецепты!$L$6:$L$85,MATCH(Меню!$D$9,Рецепты!$H$6:$H$85,0)+4),0),0) -> 0 | I85: =IF($F85="","",Меню!$E$9) | J85: =IFERROR($H85*$I85,0) -> 0 | K85: =IFERROR($J85/100*INDEX(Продукты!$G$6:$G$66,MATCH($E85,Продукты!$A$6:$A$66,0)),0) -> 0 | L85: =IFERROR($J85/100*INDEX(Продукты!$H$6:$H$66,MATCH($E85,Продукты!$A$6:$A$66,0)),0) -> 0 | M85: =IFERROR($J85/100*INDEX(Продукты!$I$6:$I$66,MATCH($E85,Продукты!$A$6:$A$66,0)),0) -> 0 | N85: =IFERROR($J85/100*INDEX(Продукты!$J$6:$J$66,MATCH($E85,Продукты!$A$6:$A$66,0)),0) -> 0 | O85: =IFERROR(IF(IFERROR(INDEX(Рецепты!$H$6:$H$85,MATCH(Меню!$D$9,Рецепты!$H$6:$H$85,0)+4)=Меню!$D$9,FALSE),INDEX(Рецепты!$N$6:$N$85,MATCH(Меню!$D$9,Рецепты!$H$6:$H$85,0)+4),""),"")
A86: =IF($E86="","",Меню!$A$9) | B86: =IF($E86="","",Меню!$B$9) | C86: =IF($E86="","",Меню!$C$9) | D86: =IF($E86="","",Меню!$D$9) | E86: =IFERROR(IF(IFERROR(INDEX(Рецепты!$H$6:$H$85,MATCH(Меню!$D$9,Рецепты!$H$6:$H$85,0)+5)=Меню!$D$9,FALSE),INDEX(Рецепты!$J$6:$J$85,MATCH(Меню!$D$9,Рецепты!$H$6:$H$85,0)+5),""),"") | F86: =IF($E86="","",INDEX(Рецепты!$K$6:$K$85,MATCH(Меню!$D$9,Рецепты!$H$6:$H$85,0)+5)) | G86: =IF($E86="","",INDEX(Рецепты!$M$6:$M$85,MATCH(Меню!$D$9,Рецепты!$H$6:$H$85,0)+5)) | H86: =IFERROR(IF(IFERROR(INDEX(Рецепты!$H$6:$H$85,MATCH(Меню!$D$9,Рецепты!$H$6:$H$85,0)+5)=Меню!$D$9,FALSE),INDEX(Рецепты!$L$6:$L$85,MATCH(Меню!$D$9,Рецепты!$H$6:$H$85,0)+5),0),0) -> 0 | I86: =IF($F86="","",Меню!$E$9) | J86: =IFERROR($H86*$I86,0) -> 0 | K86: =IFERROR($J86/100*INDEX(Продукты!$G$6:$G$66,MATCH($E86,Продукты!$A$6:$A$66,0)),0) -> 0 | L86: =IFERROR($J86/100*INDEX(Продукты!$H$6:$H$66,MATCH($E86,Продукты!$A$6:$A$66,0)),0) -> 0 | M86: =IFERROR($J86/100*INDEX(Продукты!$I$6:$I$66,MATCH($E86,Продукты!$A$6:$A$66,0)),0) -> 0 | N86: =IFERROR($J86/100*INDEX(Продукты!$J$6:$J$66,MATCH($E86,Продукты!$A$6:$A$66,0)),0) -> 0 | O86: =IFERROR(IF(IFERROR(INDEX(Рецепты!$H$6:$H$85,MATCH(Меню!$D$9,Рецепты!$H$6:$H$85,0)+5)=Меню!$D$9,FALSE),INDEX(Рецепты!$N$6:$N$85,MATCH(Меню!$D$9,Рецепты!$H$6:$H$85,0)+5),""),"")
A87: =IF($E87="","",Меню!$A$9) | B87: =IF($E87="","",Меню!$B$9) | C87: =IF($E87="","",Меню!$C$9) | D87: =IF($E87="","",Меню!$D$9) | E87: =IFERROR(IF(IFERROR(INDEX(Рецепты!$H$6:$H$85,MATCH(Меню!$D$9,Рецепты!$H$6:$H$85,0)+6)=Меню!$D$9,FALSE),INDEX(Рецепты!$J$6:$J$85,MATCH(Меню!$D$9,Рецепты!$H$6:$H$85,0)+6),""),"") | F87: =IF($E87="","",INDEX(Рецепты!$K$6:$K$85,MATCH(Меню!$D$9,Рецепты!$H$6:$H$85,0)+6)) | G87: =IF($E87="","",INDEX(Рецепты!$M$6:$M$85,MATCH(Меню!$D$9,Рецепты!$H$6:$H$85,0)+6)) | H87: =IFERROR(IF(IFERROR(INDEX(Рецепты!$H$6:$H$85,MATCH(Меню!$D$9,Рецепты!$H$6:$H$85,0)+6)=Меню!$D$9,FALSE),INDEX(Рецепты!$L$6:$L$85,MATCH(Меню!$D$9,Рецепты!$H$6:$H$85,0)+6),0),0) -> 0 | I87: =IF($F87="","",Меню!$E$9) | J87: =IFERROR($H87*$I87,0) -> 0 | K87: =IFERROR($J87/100*INDEX(Продукты!$G$6:$G$66,MATCH($E87,Продукты!$A$6:$A$66,0)),0) -> 0 | L87: =IFERROR($J87/100*INDEX(Продукты!$H$6:$H$66,MATCH($E87,Продукты!$A$6:$A$66,0)),0) -> 0 | M87: =IFERROR($J87/100*INDEX(Продукты!$I$6:$I$66,MATCH($E87,Продукты!$A$6:$A$66,0)),0) -> 0 | N87: =IFERROR($J87/100*INDEX(Продукты!$J$6:$J$66,MATCH($E87,Продукты!$A$6:$A$66,0)),0) -> 0 | O87: =IFERROR(IF(IFERROR(INDEX(Рецепты!$H$6:$H$85,MATCH(Меню!$D$9,Рецепты!$H$6:$H$85,0)+6)=Меню!$D$9,FALSE),INDEX(Рецепты!$N$6:$N$85,MATCH(Меню!$D$9,Рецепты!$H$6:$H$85,0)+6),""),"")
A88: =IF($E88="","",Меню!$A$9) | B88: =IF($E88="","",Меню!$B$9) | C88: =IF($E88="","",Меню!$C$9) | D88: =IF($E88="","",Меню!$D$9) | E88: =IFERROR(IF(IFERROR(INDEX(Рецепты!$H$6:$H$85,MATCH(Меню!$D$9,Рецепты!$H$6:$H$85,0)+7)=Меню!$D$9,FALSE),INDEX(Рецепты!$J$6:$J$85,MATCH(Меню!$D$9,Рецепты!$H$6:$H$85,0)+7),""),"") | F88: =IF($E88="","",INDEX(Рецепты!$K$6:$K$85,MATCH(Меню!$D$9,Рецепты!$H$6:$H$85,0)+7)) | G88: =IF($E88="","",INDEX(Рецепты!$M$6:$M$85,MATCH(Меню!$D$9,Рецепты!$H$6:$H$85,0)+7)) | H88: =IFERROR(IF(IFERROR(INDEX(Рецепты!$H$6:$H$85,MATCH(Меню!$D$9,Рецепты!$H$6:$H$85,0)+7)=Меню!$D$9,FALSE),INDEX(Рецепты!$L$6:$L$85,MATCH(Меню!$D$9,Рецепты!$H$6:$H$85,0)+7),0),0) -> 0 | I88: =IF($F88="","",Меню!$E$9) | J88: =IFERROR($H88*$I88,0) -> 0 | K88: =IFERROR($J88/100*INDEX(Продукты!$G$6:$G$66,MATCH($E88,Продукты!$A$6:$A$66,0)),0) -> 0 | L88: =IFERROR($J88/100*INDEX(Продукты!$H$6:$H$66,MATCH($E88,Продукты!$A$6:$A$66,0)),0) -> 0 | M88: =IFERROR($J88/100*INDEX(Продукты!$I$6:$I$66,MATCH($E88,Продукты!$A$6:$A$66,0)),0) -> 0 | N88: =IFERROR($J88/100*INDEX(Продукты!$J$6:$J$66,MATCH($E88,Продукты!$A$6:$A$66,0)),0) -> 0 | O88: =IFERROR(IF(IFERROR(INDEX(Рецепты!$H$6:$H$85,MATCH(Меню!$D$9,Рецепты!$H$6:$H$85,0)+7)=Меню!$D$9,FALSE),INDEX(Рецепты!$N$6:$N$85,MATCH(Меню!$D$9,Рецепты!$H$6:$H$85,0)+7),""),"")
A89: =IF($E89="","",Меню!$A$9) | B89: =IF($E89="","",Меню!$B$9) | C89: =IF($E89="","",Меню!$C$9) | D89: =IF($E89="","",Меню!$D$9) | E89: =IFERROR(IF(IFERROR(INDEX(Рецепты!$H$6:$H$85,MATCH(Меню!$D$9,Рецепты!$H$6:$H$85,0)+8)=Меню!$D$9,FALSE),INDEX(Рецепты!$J$6:$J$85,MATCH(Меню!$D$9,Рецепты!$H$6:$H$85,0)+8),""),"") | F89: =IF($E89="","",INDEX(Рецепты!$K$6:$K$85,MATCH(Меню!$D$9,Рецепты!$H$6:$H$85,0)+8)) | G89: =IF($E89="","",INDEX(Рецепты!$M$6:$M$85,MATCH(Меню!$D$9,Рецепты!$H$6:$H$85,0)+8)) | H89: =IFERROR(IF(IFERROR(INDEX(Рецепты!$H$6:$H$85,MATCH(Меню!$D$9,Рецепты!$H$6:$H$85,0)+8)=Меню!$D$9,FALSE),INDEX(Рецепты!$L$6:$L$85,MATCH(Меню!$D$9,Рецепты!$H$6:$H$85,0)+8),0),0) -> 0 | I89: =IF($F89="","",Меню!$E$9) | J89: =IFERROR($H89*$I89,0) -> 0 | K89: =IFERROR($J89/100*INDEX(Продукты!$G$6:$G$66,MATCH($E89,Продукты!$A$6:$A$66,0)),0) -> 0 | L89: =IFERROR($J89/100*INDEX(Продукты!$H$6:$H$66,MATCH($E89,Продукты!$A$6:$A$66,0)),0) -> 0 | M89: =IFERROR($J89/100*INDEX(Продукты!$I$6:$I$66,MATCH($E89,Продукты!$A$6:$A$66,0)),0) -> 0 | N89: =IFERROR($J89/100*INDEX(Продукты!$J$6:$J$66,MATCH($E89,Продукты!$A$6:$A$66,0)),0) -> 0 | O89: =IFERROR(IF(IFERROR(INDEX(Рецепты!$H$6:$H$85,MATCH(Меню!$D$9,Рецепты!$H$6:$H$85,0)+8)=Меню!$D$9,FALSE),INDEX(Рецепты!$N$6:$N$85,MATCH(Меню!$D$9,Рецепты!$H$6:$H$85,0)+8),""),"")
A90: =IF($E90="","",Меню!$A$9) | B90: =IF($E90="","",Меню!$B$9) | C90: =IF($E90="","",Меню!$C$9) | D90: =IF($E90="","",Меню!$D$9) | E90: =IFERROR(IF(IFERROR(INDEX(Рецепты!$H$6:$H$85,MATCH(Меню!$D$9,Рецепты!$H$6:$H$85,0)+9)=Меню!$D$9,FALSE),INDEX(Рецепты!$J$6:$J$85,MATCH(Меню!$D$9,Рецепты!$H$6:$H$85,0)+9),""),"") | F90: =IF($E90="","",INDEX(Рецепты!$K$6:$K$85,MATCH(Меню!$D$9,Рецепты!$H$6:$H$85,0)+9)) | G90: =IF($E90="","",INDEX(Рецепты!$M$6:$M$85,MATCH(Меню!$D$9,Рецепты!$H$6:$H$85,0)+9)) | H90: =IFERROR(IF(IFERROR(INDEX(Рецепты!$H$6:$H$85,MATCH(Меню!$D$9,Рецепты!$H$6:$H$85,0)+9)=Меню!$D$9,FALSE),INDEX(Рецепты!$L$6:$L$85,MATCH(Меню!$D$9,Рецепты!$H$6:$H$85,0)+9),0),0) -> 0 | I90: =IF($F90="","",Меню!$E$9) | J90: =IFERROR($H90*$I90,0) -> 0 | K90: =IFERROR($J90/100*INDEX(Продукты!$G$6:$G$66,MATCH($E90,Продукты!$A$6:$A$66,0)),0) -> 0 | L90: =IFERROR($J90/100*INDEX(Продукты!$H$6:$H$66,MATCH($E90,Продукты!$A$6:$A$66,0)),0) -> 0 | M90: =IFERROR($J90/100*INDEX(Продукты!$I$6:$I$66,MATCH($E90,Продукты!$A$6:$A$66,0)),0) -> 0 | N90: =IFERROR($J90/100*INDEX(Продукты!$J$6:$J$66,MATCH($E90,Продукты!$A$6:$A$66,0)),0) -> 0 | O90: =IFERROR(IF(IFERROR(INDEX(Рецепты!$H$6:$H$85,MATCH(Меню!$D$9,Рецепты!$H$6:$H$85,0)+9)=Меню!$D$9,FALSE),INDEX(Рецепты!$N$6:$N$85,MATCH(Меню!$D$9,Рецепты!$H$6:$H$85,0)+9),""),"")
A91: =IF($E91="","",Меню!$A$9) | B91: =IF($E91="","",Меню!$B$9) | C91: =IF($E91="","",Меню!$C$9) | D91: =IF($E91="","",Меню!$D$9) | E91: =IFERROR(IF(IFERROR(INDEX(Рецепты!$H$6:$H$85,MATCH(Меню!$D$9,Рецепты!$H$6:$H$85,0)+10)=Меню!$D$9,FALSE),INDEX(Рецепты!$J$6:$J$85,MATCH(Меню!$D$9,Рецепты!$H$6:$H$85,0)+10),""),"") | F91: =IF($E91="","",INDEX(Рецепты!$K$6:$K$85,MATCH(Меню!$D$9,Рецепты!$H$6:$H$85,0)+10)) | G91: =IF($E91="","",INDEX(Рецепты!$M$6:$M$85,MATCH(Меню!$D$9,Рецепты!$H$6:$H$85,0)+10)) | H91: =IFERROR(IF(IFERROR(INDEX(Рецепты!$H$6:$H$85,MATCH(Меню!$D$9,Рецепты!$H$6:$H$85,0)+10)=Меню!$D$9,FALSE),INDEX(Рецепты!$L$6:$L$85,MATCH(Меню!$D$9,Рецепты!$H$6:$H$85,0)+10),0),0) -> 0 | I91: =IF($F91="","",Меню!$E$9) | J91: =IFERROR($H91*$I91,0) -> 0 | K91: =IFERROR($J91/100*INDEX(Продукты!$G$6:$G$66,MATCH($E91,Продукты!$A$6:$A$66,0)),0) -> 0 | L91: =IFERROR($J91/100*INDEX(Продукты!$H$6:$H$66,MATCH($E91,Продукты!$A$6:$A$66,0)),0) -> 0 | M91: =IFERROR($J91/100*INDEX(Продукты!$I$6:$I$66,MATCH($E91,Продукты!$A$6:$A$66,0)),0) -> 0 | N91: =IFERROR($J91/100*INDEX(Продукты!$J$6:$J$66,MATCH($E91,Продукты!$A$6:$A$66,0)),0) -> 0 | O91: =IFERROR(IF(IFERROR(INDEX(Рецепты!$H$6:$H$85,MATCH(Меню!$D$9,Рецепты!$H$6:$H$85,0)+10)=Меню!$D$9,FALSE),INDEX(Рецепты!$N$6:$N$85,MATCH(Меню!$D$9,Рецепты!$H$6:$H$85,0)+10),""),"")
A92: =IF($E92="","",Меню!$A$9) | B92: =IF($E92="","",Меню!$B$9) | C92: =IF($E92="","",Меню!$C$9) | D92: =IF($E92="","",Меню!$D$9) | E92: =IFERROR(IF(IFERROR(INDEX(Рецепты!$H$6:$H$85,MATCH(Меню!$D$9,Рецепты!$H$6:$H$85,0)+11)=Меню!$D$9,FALSE),INDEX(Рецепты!$J$6:$J$85,MATCH(Меню!$D$9,Рецепты!$H$6:$H$85,0)+11),""),"") | F92: =IF($E92="","",INDEX(Рецепты!$K$6:$K$85,MATCH(Меню!$D$9,Рецепты!$H$6:$H$85,0)+11)) | G92: =IF($E92="","",INDEX(Рецепты!$M$6:$M$85,MATCH(Меню!$D$9,Рецепты!$H$6:$H$85,0)+11)) | H92: =IFERROR(IF(IFERROR(INDEX(Рецепты!$H$6:$H$85,MATCH(Меню!$D$9,Рецепты!$H$6:$H$85,0)+11)=Меню!$D$9,FALSE),INDEX(Рецепты!$L$6:$L$85,MATCH(Меню!$D$9,Рецепты!$H$6:$H$85,0)+11),0),0) -> 0 | I92: =IF($F92="","",Меню!$E$9) | J92: =IFERROR($H92*$I92,0) -> 0 | K92: =IFERROR($J92/100*INDEX(Продукты!$G$6:$G$66,MATCH($E92,Продукты!$A$6:$A$66,0)),0) -> 0 | L92: =IFERROR($J92/100*INDEX(Продукты!$H$6:$H$66,MATCH($E92,Продукты!$A$6:$A$66,0)),0) -> 0 | M92: =IFERROR($J92/100*INDEX(Продукты!$I$6:$I$66,MATCH($E92,Продукты!$A$6:$A$66,0)),0) -> 0 | N92: =IFERROR($J92/100*INDEX(Продукты!$J$6:$J$66,MATCH($E92,Продукты!$A$6:$A$66,0)),0) -> 0 | O92: =IFERROR(IF(IFERROR(INDEX(Рецепты!$H$6:$H$85,MATCH(Меню!$D$9,Рецепты!$H$6:$H$85,0)+11)=Меню!$D$9,FALSE),INDEX(Рецепты!$N$6:$N$85,MATCH(Меню!$D$9,Рецепты!$H$6:$H$85,0)+11),""),"")
A93: =IF($E93="","",Меню!$A$9) | B93: =IF($E93="","",Меню!$B$9) | C93: =IF($E93="","",Меню!$C$9) | D93: =IF($E93="","",Меню!$D$9) | E93: =IFERROR(IF(IFERROR(INDEX(Рецепты!$H$6:$H$85,MATCH(Меню!$D$9,Рецепты!$H$6:$H$85,0)+12)=Меню!$D$9,FALSE),INDEX(Рецепты!$J$6:$J$85,MATCH(Меню!$D$9,Рецепты!$H$6:$H$85,0)+12),""),"") | F93: =IF($E93="","",INDEX(Рецепты!$K$6:$K$85,MATCH(Меню!$D$9,Рецепты!$H$6:$H$85,0)+12)) | G93: =IF($E93="","",INDEX(Рецепты!$M$6:$M$85,MATCH(Меню!$D$9,Рецепты!$H$6:$H$85,0)+12)) | H93: =IFERROR(IF(IFERROR(INDEX(Рецепты!$H$6:$H$85,MATCH(Меню!$D$9,Рецепты!$H$6:$H$85,0)+12)=Меню!$D$9,FALSE),INDEX(Рецепты!$L$6:$L$85,MATCH(Меню!$D$9,Рецепты!$H$6:$H$85,0)+12),0),0) -> 0 | I93: =IF($F93="","",Меню!$E$9) | J93: =IFERROR($H93*$I93,0) -> 0 | K93: =IFERROR($J93/100*INDEX(Продукты!$G$6:$G$66,MATCH($E93,Продукты!$A$6:$A$66,0)),0) -> 0 | L93: =IFERROR($J93/100*INDEX(Продукты!$H$6:$H$66,MATCH($E93,Продукты!$A$6:$A$66,0)),0) -> 0 | M93: =IFERROR($J93/100*INDEX(Продукты!$I$6:$I$66,MATCH($E93,Продукты!$A$6:$A$66,0)),0) -> 0 | N93: =IFERROR($J93/100*INDEX(Продукты!$J$6:$J$66,MATCH($E93,Продукты!$A$6:$A$66,0)),0) -> 0 | O93: =IFERROR(IF(IFERROR(INDEX(Рецепты!$H$6:$H$85,MATCH(Меню!$D$9,Рецепты!$H$6:$H$85,0)+12)=Меню!$D$9,FALSE),INDEX(Рецепты!$N$6:$N$85,MATCH(Меню!$D$9,Рецепты!$H$6:$H$85,0)+12),""),"")
A94: =IF($E94="","",Меню!$A$9) | B94: =IF($E94="","",Меню!$B$9) | C94: =IF($E94="","",Меню!$C$9) | D94: =IF($E94="","",Меню!$D$9) | E94: =IFERROR(IF(IFERROR(INDEX(Рецепты!$H$6:$H$85,MATCH(Меню!$D$9,Рецепты!$H$6:$H$85,0)+13)=Меню!$D$9,FALSE),INDEX(Рецепты!$J$6:$J$85,MATCH(Меню!$D$9,Рецепты!$H$6:$H$85,0)+13),""),"") | F94: =IF($E94="","",INDEX(Рецепты!$K$6:$K$85,MATCH(Меню!$D$9,Рецепты!$H$6:$H$85,0)+13)) | G94: =IF($E94="","",INDEX(Рецепты!$M$6:$M$85,MATCH(Меню!$D$9,Рецепты!$H$6:$H$85,0)+13)) | H94: =IFERROR(IF(IFERROR(INDEX(Рецепты!$H$6:$H$85,MATCH(Меню!$D$9,Рецепты!$H$6:$H$85,0)+13)=Меню!$D$9,FALSE),INDEX(Рецепты!$L$6:$L$85,MATCH(Меню!$D$9,Рецепты!$H$6:$H$85,0)+13),0),0) -> 0 | I94: =IF($F94="","",Меню!$E$9) | J94: =IFERROR($H94*$I94,0) -> 0 | K94: =IFERROR($J94/100*INDEX(Продукты!$G$6:$G$66,MATCH($E94,Продукты!$A$6:$A$66,0)),0) -> 0 | L94: =IFERROR($J94/100*INDEX(Продукты!$H$6:$H$66,MATCH($E94,Продукты!$A$6:$A$66,0)),0) -> 0 | M94: =IFERROR($J94/100*INDEX(Продукты!$I$6:$I$66,MATCH($E94,Продукты!$A$6:$A$66,0)),0) -> 0 | N94: =IFERROR($J94/100*INDEX(Продукты!$J$6:$J$66,MATCH($E94,Продукты!$A$6:$A$66,0)),0) -> 0 | O94: =IFERROR(IF(IFERROR(INDEX(Рецепты!$H$6:$H$85,MATCH(Меню!$D$9,Рецепты!$H$6:$H$85,0)+13)=Меню!$D$9,FALSE),INDEX(Рецепты!$N$6:$N$85,MATCH(Меню!$D$9,Рецепты!$H$6:$H$85,0)+13),""),"")
A95: =IF($E95="","",Меню!$A$9) | B95: =IF($E95="","",Меню!$B$9) | C95: =IF($E95="","",Меню!$C$9) | D95: =IF($E95="","",Меню!$D$9) | E95: =IFERROR(IF(IFERROR(INDEX(Рецепты!$H$6:$H$85,MATCH(Меню!$D$9,Рецепты!$H$6:$H$85,0)+14)=Меню!$D$9,FALSE),INDEX(Рецепты!$J$6:$J$85,MATCH(Меню!$D$9,Рецепты!$H$6:$H$85,0)+14),""),"") | F95: =IF($E95="","",INDEX(Рецепты!$K$6:$K$85,MATCH(Меню!$D$9,Рецепты!$H$6:$H$85,0)+14)) | G95: =IF($E95="","",INDEX(Рецепты!$M$6:$M$85,MATCH(Меню!$D$9,Рецепты!$H$6:$H$85,0)+14)) | H95: =IFERROR(IF(IFERROR(INDEX(Рецепты!$H$6:$H$85,MATCH(Меню!$D$9,Рецепты!$H$6:$H$85,0)+14)=Меню!$D$9,FALSE),INDEX(Рецепты!$L$6:$L$85,MATCH(Меню!$D$9,Рецепты!$H$6:$H$85,0)+14),0),0) -> 0 | I95: =IF($F95="","",Меню!$E$9) | J95: =IFERROR($H95*$I95,0) -> 0 | K95: =IFERROR($J95/100*INDEX(Продукты!$G$6:$G$66,MATCH($E95,Продукты!$A$6:$A$66,0)),0) -> 0 | L95: =IFERROR($J95/100*INDEX(Продукты!$H$6:$H$66,MATCH($E95,Продукты!$A$6:$A$66,0)),0) -> 0 | M95: =IFERROR($J95/100*INDEX(Продукты!$I$6:$I$66,MATCH($E95,Продукты!$A$6:$A$66,0)),0) -> 0 | N95: =IFERROR($J95/100*INDEX(Продукты!$J$6:$J$66,MATCH($E95,Продукты!$A$6:$A$66,0)),0) -> 0 | O95: =IFERROR(IF(IFERROR(INDEX(Рецепты!$H$6:$H$85,MATCH(Меню!$D$9,Рецепты!$H$6:$H$85,0)+14)=Меню!$D$9,FALSE),INDEX(Рецепты!$N$6:$N$85,MATCH(Меню!$D$9,Рецепты!$H$6:$H$85,0)+14),""),"")
A96: =IF($E96="","",Меню!$A$9) | B96: =IF($E96="","",Меню!$B$9) | C96: =IF($E96="","",Меню!$C$9) | D96: =IF($E96="","",Меню!$D$9) | E96: =IFERROR(IF(IFERROR(INDEX(Рецепты!$H$6:$H$85,MATCH(Меню!$D$9,Рецепты!$H$6:$H$85,0)+15)=Меню!$D$9,FALSE),INDEX(Рецепты!$J$6:$J$85,MATCH(Меню!$D$9,Рецепты!$H$6:$H$85,0)+15),""),"") | F96: =IF($E96="","",INDEX(Рецепты!$K$6:$K$85,MATCH(Меню!$D$9,Рецепты!$H$6:$H$85,0)+15)) | G96: =IF($E96="","",INDEX(Рецепты!$M$6:$M$85,MATCH(Меню!$D$9,Рецепты!$H$6:$H$85,0)+15)) | H96: =IFERROR(IF(IFERROR(INDEX(Рецепты!$H$6:$H$85,MATCH(Меню!$D$9,Рецепты!$H$6:$H$85,0)+15)=Меню!$D$9,FALSE),INDEX(Рецепты!$L$6:$L$85,MATCH(Меню!$D$9,Рецепты!$H$6:$H$85,0)+15),0),0) -> 0 | I96: =IF($F96="","",Меню!$E$9) | J96: =IFERROR($H96*$I96,0) -> 0 | K96: =IFERROR($J96/100*INDEX(Продукты!$G$6:$G$66,MATCH($E96,Продукты!$A$6:$A$66,0)),0) -> 0 | L96: =IFERROR($J96/100*INDEX(Продукты!$H$6:$H$66,MATCH($E96,Продукты!$A$6:$A$66,0)),0) -> 0 | M96: =IFERROR($J96/100*INDEX(Продукты!$I$6:$I$66,MATCH($E96,Продукты!$A$6:$A$66,0)),0) -> 0 | N96: =IFERROR($J96/100*INDEX(Продукты!$J$6:$J$66,MATCH($E96,Продукты!$A$6:$A$66,0)),0) -> 0 | O96: =IFERROR(IF(IFERROR(INDEX(Рецепты!$H$6:$H$85,MATCH(Меню!$D$9,Рецепты!$H$6:$H$85,0)+15)=Меню!$D$9,FALSE),INDEX(Рецепты!$N$6:$N$85,MATCH(Меню!$D$9,Рецепты!$H$6:$H$85,0)+15),""),"")
A97: =IF($E97="","",Меню!$A$9) | B97: =IF($E97="","",Меню!$B$9) | C97: =IF($E97="","",Меню!$C$9) | D97: =IF($E97="","",Меню!$D$9) | E97: =IFERROR(IF(IFERROR(INDEX(Рецепты!$H$6:$H$85,MATCH(Меню!$D$9,Рецепты!$H$6:$H$85,0)+16)=Меню!$D$9,FALSE),INDEX(Рецепты!$J$6:$J$85,MATCH(Меню!$D$9,Рецепты!$H$6:$H$85,0)+16),""),"") | F97: =IF($E97="","",INDEX(Рецепты!$K$6:$K$85,MATCH(Меню!$D$9,Рецепты!$H$6:$H$85,0)+16)) | G97: =IF($E97="","",INDEX(Рецепты!$M$6:$M$85,MATCH(Меню!$D$9,Рецепты!$H$6:$H$85,0)+16)) | H97: =IFERROR(IF(IFERROR(INDEX(Рецепты!$H$6:$H$85,MATCH(Меню!$D$9,Рецепты!$H$6:$H$85,0)+16)=Меню!$D$9,FALSE),INDEX(Рецепты!$L$6:$L$85,MATCH(Меню!$D$9,Рецепты!$H$6:$H$85,0)+16),0),0) -> 0 | I97: =IF($F97="","",Меню!$E$9) | J97: =IFERROR($H97*$I97,0) -> 0 | K97: =IFERROR($J97/100*INDEX(Продукты!$G$6:$G$66,MATCH($E97,Продукты!$A$6:$A$66,0)),0) -> 0 | L97: =IFERROR($J97/100*INDEX(Продукты!$H$6:$H$66,MATCH($E97,Продукты!$A$6:$A$66,0)),0) -> 0 | M97: =IFERROR($J97/100*INDEX(Продукты!$I$6:$I$66,MATCH($E97,Продукты!$A$6:$A$66,0)),0) -> 0 | N97: =IFERROR($J97/100*INDEX(Продукты!$J$6:$J$66,MATCH($E97,Продукты!$A$6:$A$66,0)),0) -> 0 | O97: =IFERROR(IF(IFERROR(INDEX(Рецепты!$H$6:$H$85,MATCH(Меню!$D$9,Рецепты!$H$6:$H$85,0)+16)=Меню!$D$9,FALSE),INDEX(Рецепты!$N$6:$N$85,MATCH(Меню!$D$9,Рецепты!$H$6:$H$85,0)+16),""),"")
A98: =IF($E98="","",Меню!$A$9) | B98: =IF($E98="","",Меню!$B$9) | C98: =IF($E98="","",Меню!$C$9) | D98: =IF($E98="","",Меню!$D$9) | E98: =IFERROR(IF(IFERROR(INDEX(Рецепты!$H$6:$H$85,MATCH(Меню!$D$9,Рецепты!$H$6:$H$85,0)+17)=Меню!$D$9,FALSE),INDEX(Рецепты!$J$6:$J$85,MATCH(Меню!$D$9,Рецепты!$H$6:$H$85,0)+17),""),"") | F98: =IF($E98="","",INDEX(Рецепты!$K$6:$K$85,MATCH(Меню!$D$9,Рецепты!$H$6:$H$85,0)+17)) | G98: =IF($E98="","",INDEX(Рецепты!$M$6:$M$85,MATCH(Меню!$D$9,Рецепты!$H$6:$H$85,0)+17)) | H98: =IFERROR(IF(IFERROR(INDEX(Рецепты!$H$6:$H$85,MATCH(Меню!$D$9,Рецепты!$H$6:$H$85,0)+17)=Меню!$D$9,FALSE),INDEX(Рецепты!$L$6:$L$85,MATCH(Меню!$D$9,Рецепты!$H$6:$H$85,0)+17),0),0) -> 0 | I98: =IF($F98="","",Меню!$E$9) | J98: =IFERROR($H98*$I98,0) -> 0 | K98: =IFERROR($J98/100*INDEX(Продукты!$G$6:$G$66,MATCH($E98,Продукты!$A$6:$A$66,0)),0) -> 0 | L98: =IFERROR($J98/100*INDEX(Продукты!$H$6:$H$66,MATCH($E98,Продукты!$A$6:$A$66,0)),0) -> 0 | M98: =IFERROR($J98/100*INDEX(Продукты!$I$6:$I$66,MATCH($E98,Продукты!$A$6:$A$66,0)),0) -> 0 | N98: =IFERROR($J98/100*INDEX(Продукты!$J$6:$J$66,MATCH($E98,Продукты!$A$6:$A$66,0)),0) -> 0 | O98: =IFERROR(IF(IFERROR(INDEX(Рецепты!$H$6:$H$85,MATCH(Меню!$D$9,Рецепты!$H$6:$H$85,0)+17)=Меню!$D$9,FALSE),INDEX(Рецепты!$N$6:$N$85,MATCH(Меню!$D$9,Рецепты!$H$6:$H$85,0)+17),""),"")
A99: =IF($E99="","",Меню!$A$9) | B99: =IF($E99="","",Меню!$B$9) | C99: =IF($E99="","",Меню!$C$9) | D99: =IF($E99="","",Меню!$D$9) | E99: =IFERROR(IF(IFERROR(INDEX(Рецепты!$H$6:$H$85,MATCH(Меню!$D$9,Рецепты!$H$6:$H$85,0)+18)=Меню!$D$9,FALSE),INDEX(Рецепты!$J$6:$J$85,MATCH(Меню!$D$9,Рецепты!$H$6:$H$85,0)+18),""),"") | F99: =IF($E99="","",INDEX(Рецепты!$K$6:$K$85,MATCH(Меню!$D$9,Рецепты!$H$6:$H$85,0)+18)) | G99: =IF($E99="","",INDEX(Рецепты!$M$6:$M$85,MATCH(Меню!$D$9,Рецепты!$H$6:$H$85,0)+18)) | H99: =IFERROR(IF(IFERROR(INDEX(Рецепты!$H$6:$H$85,MATCH(Меню!$D$9,Рецепты!$H$6:$H$85,0)+18)=Меню!$D$9,FALSE),INDEX(Рецепты!$L$6:$L$85,MATCH(Меню!$D$9,Рецепты!$H$6:$H$85,0)+18),0),0) -> 0 | I99: =IF($F99="","",Меню!$E$9) | J99: =IFERROR($H99*$I99,0) -> 0 | K99: =IFERROR($J99/100*INDEX(Продукты!$G$6:$G$66,MATCH($E99,Продукты!$A$6:$A$66,0)),0) -> 0 | L99: =IFERROR($J99/100*INDEX(Продукты!$H$6:$H$66,MATCH($E99,Продукты!$A$6:$A$66,0)),0) -> 0 | M99: =IFERROR($J99/100*INDEX(Продукты!$I$6:$I$66,MATCH($E99,Продукты!$A$6:$A$66,0)),0) -> 0 | N99: =IFERROR($J99/100*INDEX(Продукты!$J$6:$J$66,MATCH($E99,Продукты!$A$6:$A$66,0)),0) -> 0 | O99: =IFERROR(IF(IFERROR(INDEX(Рецепты!$H$6:$H$85,MATCH(Меню!$D$9,Рецепты!$H$6:$H$85,0)+18)=Меню!$D$9,FALSE),INDEX(Рецепты!$N$6:$N$85,MATCH(Меню!$D$9,Рецепты!$H$6:$H$85,0)+18),""),"")
A100: =IF($E100="","",Меню!$A$9) | B100: =IF($E100="","",Меню!$B$9) | C100: =IF($E100="","",Меню!$C$9) | D100: =IF($E100="","",Меню!$D$9) | E100: =IFERROR(IF(IFERROR(INDEX(Рецепты!$H$6:$H$85,MATCH(Меню!$D$9,Рецепты!$H$6:$H$85,0)+19)=Меню!$D$9,FALSE),INDEX(Рецепты!$J$6:$J$85,MATCH(Меню!$D$9,Рецепты!$H$6:$H$85,0)+19),""),"") | F100: =IF($E100="","",INDEX(Рецепты!$K$6:$K$85,MATCH(Меню!$D$9,Рецепты!$H$6:$H$85,0)+19)) | G100: =IF($E100="","",INDEX(Рецепты!$M$6:$M$85,MATCH(Меню!$D$9,Рецепты!$H$6:$H$85,0)+19)) | H100: =IFERROR(IF(IFERROR(INDEX(Рецепты!$H$6:$H$85,MATCH(Меню!$D$9,Рецепты!$H$6:$H$85,0)+19)=Меню!$D$9,FALSE),INDEX(Рецепты!$L$6:$L$85,MATCH(Меню!$D$9,Рецепты!$H$6:$H$85,0)+19),0),0) -> 0 | I100: =IF($F100="","",Меню!$E$9) | J100: =IFERROR($H100*$I100,0) -> 0 | K100: =IFERROR($J100/100*INDEX(Продукты!$G$6:$G$66,MATCH($E100,Продукты!$A$6:$A$66,0)),0) -> 0 | L100: =IFERROR($J100/100*INDEX(Продукты!$H$6:$H$66,MATCH($E100,Продукты!$A$6:$A$66,0)),0) -> 0 | M100: =IFERROR($J100/100*INDEX(Продукты!$I$6:$I$66,MATCH($E100,Продукты!$A$6:$A$66,0)),0) -> 0 | N100: =IFERROR($J100/100*INDEX(Продукты!$J$6:$J$66,MATCH($E100,Продукты!$A$6:$A$66,0)),0) -> 0 | O100: =IFERROR(IF(IFERROR(INDEX(Рецепты!$H$6:$H$85,MATCH(Меню!$D$9,Рецепты!$H$6:$H$85,0)+19)=Меню!$D$9,FALSE),INDEX(Рецепты!$N$6:$N$85,MATCH(Меню!$D$9,Рецепты!$H$6:$H$85,0)+19),""),"")
A101: =IF($E101="","",Меню!$A$9) | B101: =IF($E101="","",Меню!$B$9) | C101: =IF($E101="","",Меню!$C$9) | D101: =IF($E101="","",Меню!$D$9) | E101: =IFERROR(IF(IFERROR(INDEX(Рецепты!$H$6:$H$85,MATCH(Меню!$D$9,Рецепты!$H$6:$H$85,0)+20)=Меню!$D$9,FALSE),INDEX(Рецепты!$J$6:$J$85,MATCH(Меню!$D$9,Рецепты!$H$6:$H$85,0)+20),""),"") | F101: =IF($E101="","",INDEX(Рецепты!$K$6:$K$85,MATCH(Меню!$D$9,Рецепты!$H$6:$H$85,0)+20)) | G101: =IF($E101="","",INDEX(Рецепты!$M$6:$M$85,MATCH(Меню!$D$9,Рецепты!$H$6:$H$85,0)+20)) | H101: =IFERROR(IF(IFERROR(INDEX(Рецепты!$H$6:$H$85,MATCH(Меню!$D$9,Рецепты!$H$6:$H$85,0)+20)=Меню!$D$9,FALSE),INDEX(Рецепты!$L$6:$L$85,MATCH(Меню!$D$9,Рецепты!$H$6:$H$85,0)+20),0),0) -> 0 | I101: =IF($F101="","",Меню!$E$9) | J101: =IFERROR($H101*$I101,0) -> 0 | K101: =IFERROR($J101/100*INDEX(Продукты!$G$6:$G$66,MATCH($E101,Продукты!$A$6:$A$66,0)),0) -> 0 | L101: =IFERROR($J101/100*INDEX(Продукты!$H$6:$H$66,MATCH($E101,Продукты!$A$6:$A$66,0)),0) -> 0 | M101: =IFERROR($J101/100*INDEX(Продукты!$I$6:$I$66,MATCH($E101,Продукты!$A$6:$A$66,0)),0) -> 0 | N101: =IFERROR($J101/100*INDEX(Продукты!$J$6:$J$66,MATCH($E101,Продукты!$A$6:$A$66,0)),0) -> 0 | O101: =IFERROR(IF(IFERROR(INDEX(Рецепты!$H$6:$H$85,MATCH(Меню!$D$9,Рецепты!$H$6:$H$85,0)+20)=Меню!$D$9,FALSE),INDEX(Рецепты!$N$6:$N$85,MATCH(Меню!$D$9,Рецепты!$H$6:$H$85,0)+20),""),"")
A102: =IF($E102="","",Меню!$A$9) | B102: =IF($E102="","",Меню!$B$9) | C102: =IF($E102="","",Меню!$C$9) | D102: =IF($E102="","",Меню!$D$9) | E102: =IFERROR(IF(IFERROR(INDEX(Рецепты!$H$6:$H$85,MATCH(Меню!$D$9,Рецепты!$H$6:$H$85,0)+21)=Меню!$D$9,FALSE),INDEX(Рецепты!$J$6:$J$85,MATCH(Меню!$D$9,Рецепты!$H$6:$H$85,0)+21),""),"") | F102: =IF($E102="","",INDEX(Рецепты!$K$6:$K$85,MATCH(Меню!$D$9,Рецепты!$H$6:$H$85,0)+21)) | G102: =IF($E102="","",INDEX(Рецепты!$M$6:$M$85,MATCH(Меню!$D$9,Рецепты!$H$6:$H$85,0)+21)) | H102: =IFERROR(IF(IFERROR(INDEX(Рецепты!$H$6:$H$85,MATCH(Меню!$D$9,Рецепты!$H$6:$H$85,0)+21)=Меню!$D$9,FALSE),INDEX(Рецепты!$L$6:$L$85,MATCH(Меню!$D$9,Рецепты!$H$6:$H$85,0)+21),0),0) -> 0 | I102: =IF($F102="","",Меню!$E$9) | J102: =IFERROR($H102*$I102,0) -> 0 | K102: =IFERROR($J102/100*INDEX(Продукты!$G$6:$G$66,MATCH($E102,Продукты!$A$6:$A$66,0)),0) -> 0 | L102: =IFERROR($J102/100*INDEX(Продукты!$H$6:$H$66,MATCH($E102,Продукты!$A$6:$A$66,0)),0) -> 0 | M102: =IFERROR($J102/100*INDEX(Продукты!$I$6:$I$66,MATCH($E102,Продукты!$A$6:$A$66,0)),0) -> 0 | N102: =IFERROR($J102/100*INDEX(Продукты!$J$6:$J$66,MATCH($E102,Продукты!$A$6:$A$66,0)),0) -> 0 | O102: =IFERROR(IF(IFERROR(INDEX(Рецепты!$H$6:$H$85,MATCH(Меню!$D$9,Рецепты!$H$6:$H$85,0)+21)=Меню!$D$9,FALSE),INDEX(Рецепты!$N$6:$N$85,MATCH(Меню!$D$9,Рецепты!$H$6:$H$85,0)+21),""),"")
...

Sheet Раскладка
A1: 6. Раскладка для закупки
A3: Итог по названиям продуктов. Резерв и округление до упаковок применяются только здесь. Вода отображается, но по умолчанию исключена из закупочной стоимости.
A5: Продукт_ID | B5: Продукт | C5: Базовая ед. | D5: Нужно всего | E5: Резерв | F5: Купить | G5: Ед. закупки | H5: Размер упаковки | I5: Упаковок | J5: Цена/уп. | K5: Стоимость | L5: В закупку? | M5: Примечание
A6: =Продукты!A6 -> 1 | B6: =Продукты!C6 -> Овсяные хлопья | C6: =Продукты!F6 -> г | D6: =SUMIF(Калькуляция!$E$6:$E$630,$A6,Калькуляция!$J$6:$J$630) -> 0 | E6: =$D6*Ввод!$B$6 -> 0 | F6: =IF($L6="Да",ROUNDUP(($D6+$E6)/$H6,0)*$H6,0) -> 0 | G6: =Продукты!D6 -> пачка | H6: =Продукты!E6 -> 500 | I6: =IFERROR(ROUNDUP(($D6+$E6)/$H6,0),0) -> 0 | J6: =Продукты!K6 -> 650 | K6: =$I6*$J6 -> 0 | L6: =Продукты!L6 -> Да | M6: =Продукты!M6 -> Завтрак
A7: =Продукты!A7 -> 0 | B7: =Продукты!C7 -> 0 | C7: =Продукты!F7 -> 0 | D7: =SUMIF(Калькуляция!$E$6:$E$630,$A7,Калькуляция!$J$6:$J$630) -> 0 | E7: =$D7*Ввод!$B$6 -> 0 | F7: =IF($L7="Да",ROUNDUP(($D7+$E7)/$H7,0)*$H7,0) -> 0 | G7: =Продукты!D7 -> 0 | H7: =Продукты!E7 -> 0 | I7: =IFERROR(ROUNDUP(($D7+$E7)/$H7,0),0) -> 0 | J7: =Продукты!K7 -> 0 | K7: =$I7*$J7 -> 0 | L7: =Продукты!L7 -> 0 | M7: =Продукты!M7 -> 0
A8: =Продукты!A8 -> 0 | B8: =Продукты!C8 -> 0 | C8: =Продукты!F8 -> 0 | D8: =SUMIF(Калькуляция!$E$6:$E$630,$A8,Калькуляция!$J$6:$J$630) -> 0 | E8: =$D8*Ввод!$B$6 -> 0 | F8: =IF($L8="Да",ROUNDUP(($D8+$E8)/$H8,0)*$H8,0) -> 0 | G8: =Продукты!D8 -> 0 | H8: =Продукты!E8 -> 0 | I8: =IFERROR(ROUNDUP(($D8+$E8)/$H8,0),0) -> 0 | J8: =Продукты!K8 -> 0 | K8: =$I8*$J8 -> 0 | L8: =Продукты!L8 -> 0 | M8: =Продукты!M8 -> 0
A9: =Продукты!A9 -> 0 | B9: =Продукты!C9 -> 0 | C9: =Продукты!F9 -> 0 | D9: =SUMIF(Калькуляция!$E$6:$E$630,$A9,Калькуляция!$J$6:$J$630) -> 0 | E9: =$D9*Ввод!$B$6 -> 0 | F9: =IF($L9="Да",ROUNDUP(($D9+$E9)/$H9,0)*$H9,0) -> 0 | G9: =Продукты!D9 -> 0 | H9: =Продукты!E9 -> 0 | I9: =IFERROR(ROUNDUP(($D9+$E9)/$H9,0),0) -> 0 | J9: =Продукты!K9 -> 0 | K9: =$I9*$J9 -> 0 | L9: =Продукты!L9 -> 0 | M9: =Продукты!M9 -> 0
A10: =Продукты!A10 -> 0 | B10: =Продукты!C10 -> 0 | C10: =Продукты!F10 -> 0 | D10: =SUMIF(Калькуляция!$E$6:$E$630,$A10,Калькуляция!$J$6:$J$630) -> 0 | E10: =$D10*Ввод!$B$6 -> 0 | F10: =IF($L10="Да",ROUNDUP(($D10+$E10)/$H10,0)*$H10,0) -> 0 | G10: =Продукты!D10 -> 0 | H10: =Продукты!E10 -> 0 | I10: =IFERROR(ROUNDUP(($D10+$E10)/$H10,0),0) -> 0 | J10: =Продукты!K10 -> 0 | K10: =$I10*$J10 -> 0 | L10: =Продукты!L10 -> 0 | M10: =Продукты!M10 -> 0
A11: =Продукты!A11 -> 0 | B11: =Продукты!C11 -> 0 | C11: =Продукты!F11 -> 0 | D11: =SUMIF(Калькуляция!$E$6:$E$630,$A11,Калькуляция!$J$6:$J$630) -> 0 | E11: =$D11*Ввод!$B$6 -> 0 | F11: =IF($L11="Да",ROUNDUP(($D11+$E11)/$H11,0)*$H11,0) -> 0 | G11: =Продукты!D11 -> 0 | H11: =Продукты!E11 -> 0 | I11: =IFERROR(ROUNDUP(($D11+$E11)/$H11,0),0) -> 0 | J11: =Продукты!K11 -> 0 | K11: =$I11*$J11 -> 0 | L11: =Продукты!L11 -> 0 | M11: =Продукты!M11 -> 0
A12: =Продукты!A12 -> 0 | B12: =Продукты!C12 -> 0 | C12: =Продукты!F12 -> 0 | D12: =SUMIF(Калькуляция!$E$6:$E$630,$A12,Калькуляция!$J$6:$J$630) -> 0 | E12: =$D12*Ввод!$B$6 -> 0 | F12: =IF($L12="Да",ROUNDUP(($D12+$E12)/$H12,0)*$H12,0) -> 0 | G12: =Продукты!D12 -> 0 | H12: =Продукты!E12 -> 0 | I12: =IFERROR(ROUNDUP(($D12+$E12)/$H12,0),0) -> 0 | J12: =Продукты!K12 -> 0 | K12: =$I12*$J12 -> 0 | L12: =Продукты!L12 -> 0 | M12: =Продукты!M12 -> 0
A13: =Продукты!A13 -> 0 | B13: =Продукты!C13 -> 0 | C13: =Продукты!F13 -> 0 | D13: =SUMIF(Калькуляция!$E$6:$E$630,$A13,Калькуляция!$J$6:$J$630) -> 0 | E13: =$D13*Ввод!$B$6 -> 0 | F13: =IF($L13="Да",ROUNDUP(($D13+$E13)/$H13,0)*$H13,0) -> 0 | G13: =Продукты!D13 -> 0 | H13: =Продукты!E13 -> 0 | I13: =IFERROR(ROUNDUP(($D13+$E13)/$H13,0),0) -> 0 | J13: =Продукты!K13 -> 0 | K13: =$I13*$J13 -> 0 | L13: =Продукты!L13 -> 0 | M13: =Продукты!M13 -> 0
A14: =Продукты!A14 -> 0 | B14: =Продукты!C14 -> 0 | C14: =Продукты!F14 -> 0 | D14: =SUMIF(Калькуляция!$E$6:$E$630,$A14,Калькуляция!$J$6:$J$630) -> 0 | E14: =$D14*Ввод!$B$6 -> 0 | F14: =IF($L14="Да",ROUNDUP(($D14+$E14)/$H14,0)*$H14,0) -> 0 | G14: =Продукты!D14 -> 0 | H14: =Продукты!E14 -> 0 | I14: =IFERROR(ROUNDUP(($D14+$E14)/$H14,0),0) -> 0 | J14: =Продукты!K14 -> 0 | K14: =$I14*$J14 -> 0 | L14: =Продукты!L14 -> 0 | M14: =Продукты!M14 -> 0
A15: =Продукты!A15 -> 0 | B15: =Продукты!C15 -> 0 | C15: =Продукты!F15 -> 0 | D15: =SUMIF(Калькуляция!$E$6:$E$630,$A15,Калькуляция!$J$6:$J$630) -> 0 | E15: =$D15*Ввод!$B$6 -> 0 | F15: =IF($L15="Да",ROUNDUP(($D15+$E15)/$H15,0)*$H15,0) -> 0 | G15: =Продукты!D15 -> 0 | H15: =Продукты!E15 -> 0 | I15: =IFERROR(ROUNDUP(($D15+$E15)/$H15,0),0) -> 0 | J15: =Продукты!K15 -> 0 | K15: =$I15*$J15 -> 0 | L15: =Продукты!L15 -> 0 | M15: =Продукты!M15 -> 0
A16: =Продукты!A16 -> 0 | B16: =Продукты!C16 -> 0 | C16: =Продукты!F16 -> 0 | D16: =SUMIF(Калькуляция!$E$6:$E$630,$A16,Калькуляция!$J$6:$J$630) -> 0 | E16: =$D16*Ввод!$B$6 -> 0 | F16: =IF($L16="Да",ROUNDUP(($D16+$E16)/$H16,0)*$H16,0) -> 0 | G16: =Продукты!D16 -> 0 | H16: =Продукты!E16 -> 0 | I16: =IFERROR(ROUNDUP(($D16+$E16)/$H16,0),0) -> 0 | J16: =Продукты!K16 -> 0 | K16: =$I16*$J16 -> 0 | L16: =Продукты!L16 -> 0 | M16: =Продукты!M16 -> 0
A17: =Продукты!A17 -> 0 | B17: =Продукты!C17 -> 0 | C17: =Продукты!F17 -> 0 | D17: =SUMIF(Калькуляция!$E$6:$E$630,$A17,Калькуляция!$J$6:$J$630) -> 0 | E17: =$D17*Ввод!$B$6 -> 0 | F17: =IF($L17="Да",ROUNDUP(($D17+$E17)/$H17,0)*$H17,0) -> 0 | G17: =Продукты!D17 -> 0 | H17: =Продукты!E17 -> 0 | I17: =IFERROR(ROUNDUP(($D17+$E17)/$H17,0),0) -> 0 | J17: =Продукты!K17 -> 0 | K17: =$I17*$J17 -> 0 | L17: =Продукты!L17 -> 0 | M17: =Продукты!M17 -> 0
... A66: =Продукты!A66 -> 0 | B66: =Продукты!C66 -> 0 | C66: =Продукты!F66 -> 0 | D66: =SUMIF(Калькуляция!$E$6:$E$630,$A66,Калькуляция!$J$6:$J$630) -> 0 | E66: =$D66*Ввод!$B$6 -> 0 | F66: =IF($L66="Да",ROUNDUP(($D66+$E66)/$H66,0)*$H66,0) -> 0 | G66: =Продукты!D66 -> 0 | H66: =Продукты!E66 -> 0 | I66: =IFERROR(ROUNDUP(($D66+$E66)/$H66,0),0) -> 0 | J66: =Продукты!K66 -> 0 | K66: =$I66*$J66 -> 0 | L66: =Продукты!L66 -> 0 | M66: =Продукты!M66 -> 0
A67: ИТОГО | D67: =SUM(D6:D66) -> 0 | E67: =SUM(E6:E66) -> 0 | F67: =SUM(F6:F66) -> 0 | I67: =SUM(I6:I66) -> 0 | K67: =SUM(K6:K66) -> 0

Sheet Сводка
A1: 7. Сводка и контроль
A3: Показатель | B3: Значение | D3: Проверка | E3: Результат
A4: Участников, чел. | D4: Все блюда имеют рецепт | E4: =IF(COUNTIF(Меню!$C$6:$C$95,"?*")=COUNTIF(Меню!$D$6:$D$95,"?*"),"OK","Проверить") -> OK
A5: Дней, суток | D5: Все продукты имеют цену | E5: =IF(COUNTIFS(Раскладка!$L$6:$L$66,"Да",Раскладка!$D$6:$D$66,">0")=COUNTIFS(Раскладка!$L$6:$L$66,"Да",Раскладка!$D$6:$D$66,">0",Раскладка!$J$6:$J$66,">0"),"OK","Проверить") -> OK
A6: Цель энергии, ккал/чел/день | D6: Все упаковки заполнены | E6: =IF(COUNTIFS(Раскладка!$L$6:$L$66,"Да",Раскладка!$D$6:$D$66,">0")=COUNTIFS(Раскладка!$L$6:$L$66,"Да",Раскладка!$D$6:$D$66,">0",Раскладка!$I$6:$I$66,">0"),"OK","Проверить") -> OK
A7: Факт энергии, ккал/чел/день | D7: Меню не пустое | E7: =IF(B14>0,"OK","Проверить") -> Проверить
A8: Цель белка, г/чел/день | D8: Резерв закупки | E8: =Ввод!B6 -> 0
A9: Факт белка, г/чел/день
A10: Вес сухой закупки, кг
A11: Вода, л
A12: Общая стоимость, KZT
A13: Стоимость, KZT/чел/день
A14: Заполненных строк меню
A15: Статус калорий | B15: =IF(AND(B7>=B6*(1-Ввод!$B$6),B7<=B6*(1+Ввод!$B$6)),"OK","Проверить") -> OK
A19: Категория | B19: Купить, кг | C19: Стоимость, KZT
A20: Крупы/макароны
A21: Сухие продукты
A22: Белок
A23: Жиры
A24: Перекусы
A25: Выпечка
A26: Напитки
A27: Бакалея
A28: Овощи
A29: Фрукты
A30: Соусы
A31: Молочное
A32: Вода
